shipment_id,customer_id,route_id,vehicle_id_x,driver_id,planned_departure,actual_departure,planned_arrival,actual_arrival,origin,destination,distance_km,fuel_cost,shipment_revenue,shipment_status,cargo_type,vehicle_id_y,gps_timestamp,current_latitude,current_longitude,gps_status,estimated_remaining_km
S001,C008,R004,V003,D002,2026-03-30 15:00:00,2026-03-30 15:07:00,2026-03-30 19:00:00,2026-03-30 19:25:00,Luxembourg,Nancy,329,42,532,Delivered,General,V002,2026-03-30 07:47:00,49.5209,5.81636,On Route,219
S002,C017,R010,V001,D009,2026-03-30 05:00:00,2026-03-30 05:05:00,2026-03-30 09:00:00,2026-03-30 09:19:00,Luxembourg,Paris,382,127,325,Delivered,Food,V004,2026-03-30 07:46:00,49.8949,6.46022,Stopped,155
S003,C014,R006,V005,D003,2026-03-30 14:00:00,2026-03-30 14:17:00,2026-03-30 18:00:00,2026-03-30 18:10:00,Luxembourg,Paris,222,46,194,Delivered,Food,V006,2026-03-30 07:51:00,49.61649,6.45822,Delayed,86
S004,C020,R005,V001,D008,2026-03-30 06:00:00,2026-03-30 06:22:00,2026-03-30 10:00:00,,Luxembourg,Reims,113,116,180,In Transit,Chemicals,V005,2026-03-30 07:34:00,49.63881,5.72197,Delayed,204
S005,C019,R004,V002,D001,2026-03-30 15:00:00,2026-03-30 15:39:00,2026-03-30 19:00:00,,Luxembourg,Nancy,166,94,181,In Transit,Pharma,V010,2026-03-30 07:25:00,49.74637,6.25121,On Route,101
S006,C015,R006,V003,D006,2026-03-30 06:00:00,2026-03-30 06:24:00,2026-03-30 10:00:00,,Luxembourg,Liege,157,88,173,In Transit,Pharma,V005,2026-03-30 07:10:00,49.72055,6.4444,Delayed,237
S007,C013,R005,V009,D004,2026-03-30 13:00:00,2026-03-30 13:15:00,2026-03-30 17:00:00,2026-03-30 17:49:00,Luxembourg,Nancy,216,34,334,Delivered,General,V009,2026-03-30 07:53:00,49.62564,5.79812,Delayed,97
S008,C003,R004,V010,D006,2026-03-30 10:00:00,2026-03-30 10:25:00,2026-03-30 14:00:00,,Luxembourg,Paris,385,147,505,In Transit,Food,V007,2026-03-30 07:40:00,49.79316,5.65213,On Route,90
S009,C018,R009,V005,D010,2026-03-30 07:00:00,2026-03-30 07:16:00,2026-03-30 11:00:00,2026-03-30 11:21:00,Luxembourg,Metz,348,122,470,Delivered,Pharma,V005,2026-03-30 07:48:00,49.89038,6.35543,Delayed,175
S010,C003,R001,V002,D003,2026-03-30 07:00:00,2026-03-30 07:32:00,2026-03-30 11:00:00,,Luxembourg,Nancy,131,128,165,In Transit,Food,V009,2026-03-30 07:57:00,49.66144,5.892,On Route,105
S011,C017,R005,V009,D001,2026-03-30 11:00:00,2026-03-30 11:38:00,2026-03-30 15:00:00,,Luxembourg,Nancy,108,88,448,In Transit,General,V008,2026-03-30 07:38:00,49.70797,5.6901,On Route,67
S012,C001,R005,V009,D003,2026-03-30 09:00:00,2026-03-30 09:27:00,2026-03-30 13:00:00,2026-03-30 13:48:00,Luxembourg,Reims,104,96,619,Delivered,Pharma,V002,2026-03-30 07:39:00,49.71206,5.78485,Delayed,153
S013,C017,R001,V010,D006,2026-03-30 07:00:00,2026-03-30 07:23:00,2026-03-30 11:00:00,2026-03-30 11:59:00,Luxembourg,Metz,59,48,471,Delivered,Chemicals,V006,2026-03-30 07:44:00,49.65937,6.40325,Stopped,182
S014,C003,R008,V002,D009,2026-03-30 08:00:00,2026-03-30 08:03:00,2026-03-30 12:00:00,2026-03-30 12:00:00,Luxembourg,Paris,115,141,662,Delivered,Pharma,V002,2026-03-30 07:41:00,49.77157,6.31079,Stopped,132
S015,C007,R009,V004,D005,2026-03-30 09:00:00,2026-03-30 09:33:00,2026-03-30 13:00:00,,Luxembourg,Metz,393,115,548,In Transit,Food,V003,2026-03-30 07:26:00,49.73103,5.84688,Stopped,167
S016,C011,R001,V010,D009,2026-03-30 06:00:00,2026-03-30 06:15:00,2026-03-30 10:00:00,2026-03-30 09:58:00,Luxembourg,Paris,351,76,107,Delivered,General,V002,2026-03-30 07:54:00,49.86959,5.79717,Stopped,177
S017,C002,R006,V002,D009,2026-03-30 15:00:00,2026-03-30 15:03:00,2026-03-30 19:00:00,2026-03-30 18:58:00,Luxembourg,Paris,192,144,319,Delivered,Pharma,V008,2026-03-30 07:30:00,49.93682,5.81237,Stopped,221
S018,C008,R008,V007,D004,2026-03-30 14:00:00,2026-03-30 14:36:00,2026-03-30 18:00:00,,Luxembourg,Brussels,99,130,462,In Transit,Food,V008,2026-03-30 07:50:00,49.85958,6.17556,On Route,192
S019,C002,R007,V006,D002,2026-03-30 11:00:00,2026-03-30 11:29:00,2026-03-30 15:00:00,2026-03-30 15:02:00,Luxembourg,Paris,148,68,649,Delivered,Food,V006,2026-03-30 07:35:00,49.59854,6.27862,Delayed,62
S020,C015,R004,V002,D008,2026-03-30 07:00:00,2026-03-30 07:27:00,2026-03-30 11:00:00,2026-03-30 11:25:00,Luxembourg,Reims,100,32,653,Delivered,General,V004,2026-03-30 07:15:00,49.95923,6.03593,Stopped,118
S021,C016,R008,V004,D007,2026-03-30 06:00:00,2026-03-30 06:15:00,2026-03-30 10:00:00,2026-03-30 10:42:00,Luxembourg,Brussels,134,117,102,Delivered,Food,V008,2026-03-30 07:20:00,49.87914,5.78433,Stopped,102
S022,C014,R009,V008,D003,2026-03-30 09:00:00,2026-03-30 09:29:00,2026-03-30 13:00:00,,Luxembourg,Paris,201,75,159,In Transit,General,V008,2026-03-30 07:37:00,49.82091,6.00529,Delayed,164
S023,C017,R009,V003,D001,2026-03-30 10:00:00,2026-03-30 10:03:00,2026-03-30 14:00:00,2026-03-30 14:51:00,Luxembourg,Reims,91,67,170,Delivered,General,V002,2026-03-30 07:36:00,49.91405,6.12079,Delayed,215
S024,C004,R010,V004,D010,2026-03-30 15:00:00,2026-03-30 15:15:00,2026-03-30 19:00:00,,Luxembourg,Reims,70,40,529,In Transit,Chemicals,V004,2026-03-30 07:41:00,49.75307,6.09727,Stopped,125
S025,C008,R005,V007,D003,2026-03-30 09:00:00,2026-03-30 09:13:00,2026-03-30 13:00:00,,Luxembourg,Nancy,380,96,568,In Transit,Chemicals,V008,2026-03-30 07:39:00,49.56307,5.75985,Delayed,58
S026,C020,R010,V002,D002,2026-03-30 06:00:00,2026-03-30 06:00:00,2026-03-30 10:00:00,,Luxembourg,Reims,159,149,371,In Transit,Pharma,V010,2026-03-30 07:40:00,49.58373,5.97213,Delayed,181
S027,C010,R003,V008,D009,2026-03-30 10:00:00,2026-03-30 10:04:00,2026-03-30 14:00:00,2026-03-30 14:37:00,Luxembourg,Nancy,204,22,667,Delivered,Chemicals,V007,2026-03-30 07:41:00,49.66733,5.77124,Stopped,213
S028,C004,R002,V009,D003,2026-03-30 15:00:00,2026-03-30 15:06:00,2026-03-30 19:00:00,2026-03-30 19:23:00,Luxembourg,Liege,194,73,451,Delivered,Pharma,V005,2026-03-30 07:40:00,49.93784,5.83779,On Route,176
S029,C017,R008,V005,D001,2026-03-30 15:00:00,2026-03-30 15:40:00,2026-03-30 19:00:00,,Luxembourg,Brussels,374,128,383,In Transit,General,V005,2026-03-30 07:47:00,49.65526,5.65175,On Route,110
S030,C006,R008,V009,D007,2026-03-30 05:00:00,2026-03-30 05:21:00,2026-03-30 09:00:00,2026-03-30 09:23:00,Luxembourg,Reims,54,48,177,Delivered,Pharma,V009,2026-03-30 07:45:00,49.61172,6.31074,On Route,99
S031,C019,R009,V003,D007,2026-03-30 13:00:00,2026-03-30 13:02:00,2026-03-30 17:00:00,,Luxembourg,Paris,71,98,473,In Transit,General,V010,2026-03-30 07:43:00,49.79493,6.25513,Delayed,207
S032,C012,R009,V007,D010,2026-03-30 10:00:00,2026-03-30 10:13:00,2026-03-30 14:00:00,2026-03-30 14:03:00,Luxembourg,Nancy,129,80,266,Delivered,Pharma,V010,2026-03-30 08:02:00,49.84889,5.62801,Delayed,157
S033,C014,R004,V005,D003,2026-03-30 11:00:00,2026-03-30 11:01:00,2026-03-30 15:00:00,2026-03-30 15:32:00,Luxembourg,Nancy,105,117,139,Delivered,Food,V010,2026-03-30 07:37:00,49.66052,6.20172,Delayed,123
S034,C012,R005,V004,D004,2026-03-30 08:00:00,2026-03-30 08:12:00,2026-03-30 12:00:00,,Luxembourg,Brussels,387,69,508,In Transit,Chemicals,V002,2026-03-30 07:31:00,49.6957,5.55437,Stopped,138
S035,C012,R009,V007,D009,2026-03-30 09:00:00,2026-03-30 09:04:00,2026-03-30 13:00:00,,Luxembourg,Liege,64,49,367,In Transit,Pharma,V006,2026-03-30 07:37:00,49.54898,6.05761,Delayed,175
S036,C020,R007,V006,D006,2026-03-30 14:00:00,2026-03-30 14:16:00,2026-03-30 18:00:00,2026-03-30 18:03:00,Luxembourg,Metz,360,150,218,Delivered,Food,V001,2026-03-30 07:43:00,49.86353,5.72843,Delayed,123
S037,C002,R007,V001,D009,2026-03-30 14:00:00,2026-03-30 14:12:00,2026-03-30 18:00:00,,Luxembourg,Reims,393,70,472,In Transit,Food,V007,2026-03-30 07:46:00,49.70784,6.32674,On Route,107
S038,C004,R005,V009,D005,2026-03-30 06:00:00,2026-03-30 06:21:00,2026-03-30 10:00:00,,Luxembourg,Nancy,259,103,512,In Transit,Chemicals,V003,2026-03-30 07:48:00,49.92257,5.96064,Stopped,154
S039,C013,R003,V010,D010,2026-03-30 13:00:00,2026-03-30 13:08:00,2026-03-30 17:00:00,2026-03-30 17:43:00,Luxembourg,Liege,257,20,411,Delivered,Chemicals,V001,2026-03-30 07:44:00,49.89322,5.98863,Stopped,128
S040,C015,R008,V008,D004,2026-03-30 08:00:00,2026-03-30 08:27:00,2026-03-30 12:00:00,,Luxembourg,Reims,292,63,186,In Transit,Chemicals,V005,2026-03-30 07:41:00,49.70646,6.15163,Stopped,170
S041,C003,R004,V005,D004,2026-03-30 13:00:00,2026-03-30 13:40:00,2026-03-30 17:00:00,,Luxembourg,Paris,125,26,147,In Transit,Pharma,V001,2026-03-30 07:56:00,49.55549,6.0073,Delayed,186
S042,C014,R010,V004,D007,2026-03-30 12:00:00,2026-03-30 12:39:00,2026-03-30 16:00:00,2026-03-30 16:48:00,Luxembourg,Metz,254,82,251,Delivered,General,V009,2026-03-30 07:39:00,49.57494,6.40287,Delayed,137
S043,C017,R008,V001,D009,2026-03-30 06:00:00,2026-03-30 06:27:00,2026-03-30 10:00:00,2026-03-30 10:12:00,Luxembourg,Paris,112,136,236,Delivered,Food,V003,2026-03-30 07:44:00,49.80078,6.04704,Delayed,134
S044,C015,R010,V009,D007,2026-03-30 15:00:00,2026-03-30 15:33:00,2026-03-30 19:00:00,,Luxembourg,Reims,278,60,586,In Transit,Food,V004,2026-03-30 07:53:00,49.87934,5.77138,Delayed,117
S045,C017,R008,V004,D005,2026-03-30 09:00:00,2026-03-30 09:15:00,2026-03-30 13:00:00,,Luxembourg,Metz,89,93,340,In Transit,Chemicals,V001,2026-03-30 07:37:00,49.50871,6.10148,Stopped,131
S046,C005,R004,V007,D003,2026-03-30 10:00:00,2026-03-30 10:20:00,2026-03-30 14:00:00,2026-03-30 14:07:00,Luxembourg,Nancy,159,36,524,Delivered,Food,V004,2026-03-30 07:40:00,49.54132,5.64225,Stopped,199
S047,C014,R001,V004,D007,2026-03-30 10:00:00,2026-03-30 10:34:00,2026-03-30 14:00:00,,Luxembourg,Metz,349,25,689,In Transit,Food,V007,2026-03-30 07:42:00,49.72905,5.59323,On Route,63
S048,C010,R007,V007,D009,2026-03-30 12:00:00,2026-03-30 12:00:00,2026-03-30 16:00:00,,Luxembourg,Nancy,329,76,599,In Transit,Pharma,V009,2026-03-30 07:36:00,49.69771,5.89235,Stopped,137
S049,C001,R007,V006,D007,2026-03-30 09:00:00,2026-03-30 09:27:00,2026-03-30 13:00:00,,Luxembourg,Nancy,134,139,230,In Transit,General,V007,2026-03-30 07:33:00,49.77471,5.56164,Delayed,192
S050,C014,R003,V008,D003,2026-03-30 11:00:00,2026-03-30 11:37:00,2026-03-30 15:00:00,2026-03-30 15:00:00,Luxembourg,Brussels,183,117,435,Delivered,Pharma,V004,2026-03-30 07:52:00,49.98355,5.63951,Delayed,121
S051,C013,R005,V007,D005,2026-03-30 12:00:00,2026-03-30 12:20:00,2026-03-30 16:00:00,,Luxembourg,Brussels,290,24,652,In Transit,General,V008,2026-03-30 07:41:00,49.72841,6.20314,On Route,230
S052,C001,R004,V004,D001,2026-03-30 10:00:00,2026-03-30 10:14:00,2026-03-30 14:00:00,2026-03-30 13:55:00,Luxembourg,Reims,128,81,229,Delivered,Food,V010,2026-03-30 07:42:00,49.75245,6.27862,On Route,146
S053,C009,R006,V003,D010,2026-03-30 15:00:00,2026-03-30 15:07:00,2026-03-30 19:00:00,2026-03-30 19:49:00,Luxembourg,Reims,108,61,418,Delivered,General,V005,2026-03-30 07:23:00,49.60876,5.75252,Delayed,212
S054,C019,R007,V007,D004,2026-03-30 14:00:00,2026-03-30 14:01:00,2026-03-30 18:00:00,,Luxembourg,Brussels,353,82,204,In Transit,Chemicals,V005,2026-03-30 07:52:00,49.71304,6.22391,Delayed,161
S055,C012,R009,V007,D006,2026-03-30 15:00:00,2026-03-30 15:38:00,2026-03-30 19:00:00,2026-03-30 18:55:00,Luxembourg,Brussels,309,107,112,Delivered,Food,V002,2026-03-30 07:56:00,49.57157,5.53784,Delayed,146
S056,C012,R008,V003,D007,2026-03-30 12:00:00,2026-03-30 12:06:00,2026-03-30 16:00:00,,Luxembourg,Paris,317,89,651,In Transit,Food,V007,2026-03-30 07:48:00,49.54272,6.47446,On Route,217
S057,C011,R004,V002,D005,2026-03-30 12:00:00,2026-03-30 12:27:00,2026-03-30 16:00:00,,Luxembourg,Metz,174,138,683,In Transit,Food,V005,2026-03-30 07:44:00,49.67962,6.24203,On Route,72
S058,C011,R003,V008,D004,2026-03-30 10:00:00,2026-03-30 10:01:00,2026-03-30 14:00:00,,Luxembourg,Liege,182,107,386,In Transit,Chemicals,V006,2026-03-30 07:49:00,49.61581,5.64139,Delayed,164
S059,C008,R007,V008,D009,2026-03-30 13:00:00,2026-03-30 13:00:00,2026-03-30 17:00:00,2026-03-30 17:00:00,Luxembourg,Paris,293,145,558,Delivered,General,V001,2026-03-30 07:58:00,49.7372,5.73175,Delayed,179
S060,C008,R005,V010,D006,2026-03-30 06:00:00,2026-03-30 06:18:00,2026-03-30 10:00:00,2026-03-30 10:41:00,Luxembourg,Metz,333,108,535,Delivered,Chemicals,V002,2026-03-30 07:31:00,49.88903,5.76657,Delayed,160
S061,C010,R005,V004,D002,2026-03-30 10:00:00,2026-03-30 10:29:00,2026-03-30 14:00:00,,Luxembourg,Nancy,148,100,222,In Transit,Pharma,V008,2026-03-30 07:36:00,49.95008,5.85223,Delayed,54
S062,C009,R010,V009,D010,2026-03-30 08:00:00,2026-03-30 08:13:00,2026-03-30 12:00:00,,Luxembourg,Liege,101,69,403,In Transit,Pharma,V002,2026-03-30 07:36:00,49.68321,6.39586,Stopped,196
S063,C001,R009,V003,D005,2026-03-30 10:00:00,2026-03-30 10:11:00,2026-03-30 14:00:00,,Luxembourg,Brussels,77,94,229,In Transit,Food,V004,2026-03-30 07:40:00,49.5605,5.62593,Stopped,159
S064,C016,R008,V008,D006,2026-03-30 06:00:00,2026-03-30 06:00:00,2026-03-30 10:00:00,,Luxembourg,Paris,76,84,589,In Transit,General,V010,2026-03-30 07:28:00,49.53259,5.74706,Stopped,202
S065,C003,R010,V001,D003,2026-03-30 06:00:00,2026-03-30 06:25:00,2026-03-30 10:00:00,,Luxembourg,Paris,338,97,187,In Transit,Pharma,V009,2026-03-30 07:33:00,49.75256,6.29743,Stopped,169
S066,C020,R010,V010,D004,2026-03-30 06:00:00,2026-03-30 06:35:00,2026-03-30 10:00:00,,Luxembourg,Reims,244,135,553,In Transit,Chemicals,V007,2026-03-30 07:41:00,49.95086,5.86179,On Route,98
S067,C019,R010,V001,D010,2026-03-30 14:00:00,2026-03-30 14:27:00,2026-03-30 18:00:00,,Luxembourg,Nancy,100,73,316,In Transit,Chemicals,V002,2026-03-30 07:44:00,49.63274,6.47609,Delayed,98
S068,C006,R009,V002,D003,2026-03-30 15:00:00,2026-03-30 15:05:00,2026-03-30 19:00:00,2026-03-30 19:20:00,Luxembourg,Brussels,259,135,581,Delivered,Chemicals,V008,2026-03-30 07:20:00,49.63613,5.74297,Stopped,151
S069,C010,R008,V002,D004,2026-03-30 05:00:00,2026-03-30 05:14:00,2026-03-30 09:00:00,,Luxembourg,Liege,370,70,535,In Transit,General,V001,2026-03-30 07:29:00,49.97078,5.58299,Stopped,150
S070,C005,R002,V001,D003,2026-03-30 13:00:00,2026-03-30 13:14:00,2026-03-30 17:00:00,2026-03-30 17:24:00,Luxembourg,Liege,354,93,549,Delivered,General,V006,2026-03-30 07:32:00,49.80621,5.5486,Delayed,213
S071,C009,R009,V009,D008,2026-03-30 12:00:00,2026-03-30 12:19:00,2026-03-30 16:00:00,,Luxembourg,Metz,91,30,542,In Transit,Chemicals,V006,2026-03-30 07:40:00,49.86211,6.3956,Stopped,105
S072,C008,R010,V010,D001,2026-03-30 14:00:00,2026-03-30 14:16:00,2026-03-30 18:00:00,2026-03-30 18:01:00,Luxembourg,Nancy,187,30,279,Delivered,Food,V010,2026-03-30 07:33:00,49.55967,5.96759,Delayed,157
S073,C006,R010,V007,D008,2026-03-30 13:00:00,2026-03-30 13:28:00,2026-03-30 17:00:00,,Luxembourg,Brussels,290,109,518,In Transit,Chemicals,V002,2026-03-30 07:54:00,49.75663,6.37548,On Route,201
S074,C014,R008,V005,D007,2026-03-30 10:00:00,2026-03-30 10:06:00,2026-03-30 14:00:00,2026-03-30 14:32:00,Luxembourg,Reims,68,136,190,Delivered,Chemicals,V008,2026-03-30 07:53:00,49.92175,5.79088,On Route,130
S075,C017,R001,V009,D008,2026-03-30 09:00:00,2026-03-30 09:20:00,2026-03-30 13:00:00,2026-03-30 13:41:00,Luxembourg,Metz,77,68,630,Delivered,Chemicals,V003,2026-03-30 07:38:00,49.96703,6.29125,Stopped,196
S076,C002,R004,V005,D009,2026-03-30 14:00:00,2026-03-30 14:31:00,2026-03-30 18:00:00,,Luxembourg,Paris,197,132,596,In Transit,General,V006,2026-03-30 07:24:00,49.82917,5.58334,Delayed,128
S077,C010,R009,V001,D009,2026-03-30 05:00:00,2026-03-30 05:40:00,2026-03-30 09:00:00,2026-03-30 09:10:00,Luxembourg,Metz,97,77,216,Delivered,Food,V008,2026-03-30 07:49:00,49.74131,6.09829,Delayed,155
S078,C010,R009,V005,D007,2026-03-30 06:00:00,2026-03-30 06:09:00,2026-03-30 10:00:00,,Luxembourg,Metz,291,82,567,In Transit,Pharma,V009,2026-03-30 07:46:00,49.89802,5.90061,Stopped,201
S079,C009,R007,V006,D009,2026-03-30 11:00:00,2026-03-30 11:12:00,2026-03-30 15:00:00,2026-03-30 14:58:00,Luxembourg,Liege,51,92,405,Delivered,Food,V009,2026-03-30 07:32:00,49.87131,5.71957,Stopped,72
S080,C012,R006,V009,D009,2026-03-30 07:00:00,2026-03-30 07:28:00,2026-03-30 11:00:00,,Luxembourg,Metz,283,102,293,In Transit,Pharma,V010,2026-03-30 07:26:00,49.71508,5.95462,Stopped,65
S081,C002,R006,V008,D007,2026-03-30 14:00:00,2026-03-30 14:24:00,2026-03-30 18:00:00,2026-03-30 18:42:00,Luxembourg,Metz,389,58,607,Delivered,General,V001,2026-03-30 07:51:00,49.71513,6.13751,On Route,80
S082,C004,R008,V002,D009,2026-03-30 07:00:00,2026-03-30 07:32:00,2026-03-30 11:00:00,,Luxembourg,Metz,57,56,519,In Transit,Pharma,V008,2026-03-30 07:15:00,49.67238,5.5423,Delayed,201
S083,C011,R010,V007,D002,2026-03-30 06:00:00,2026-03-30 06:30:00,2026-03-30 10:00:00,,Luxembourg,Liege,395,117,424,In Transit,Food,V007,2026-03-30 07:54:00,49.83948,5.99759,Stopped,117
S084,C010,R004,V002,D007,2026-03-30 13:00:00,2026-03-30 13:02:00,2026-03-30 17:00:00,2026-03-30 17:20:00,Luxembourg,Brussels,374,45,554,Delivered,Pharma,V007,2026-03-30 07:35:00,49.58821,6.31845,Stopped,87
S085,C002,R005,V006,D006,2026-03-30 09:00:00,2026-03-30 09:01:00,2026-03-30 13:00:00,2026-03-30 13:31:00,Luxembourg,Metz,124,82,643,Delivered,Food,V008,2026-03-30 07:41:00,49.69104,6.2577,Stopped,178
S086,C003,R010,V007,D010,2026-03-30 14:00:00,2026-03-30 14:11:00,2026-03-30 18:00:00,2026-03-30 18:12:00,Luxembourg,Nancy,173,147,697,Delivered,Pharma,V008,2026-03-30 07:55:00,49.95943,6.23889,Delayed,90
S087,C015,R005,V001,D008,2026-03-30 08:00:00,2026-03-30 08:29:00,2026-03-30 12:00:00,,Luxembourg,Liege,396,60,175,In Transit,Food,V009,2026-03-30 07:41:00,49.65797,6.3294,Stopped,96
S088,C014,R005,V008,D005,2026-03-30 10:00:00,2026-03-30 10:37:00,2026-03-30 14:00:00,,Luxembourg,Paris,246,143,209,In Transit,Pharma,V010,2026-03-30 07:43:00,49.59829,6.17649,Delayed,68
S089,C019,R005,V005,D001,2026-03-30 11:00:00,2026-03-30 11:36:00,2026-03-30 15:00:00,,Luxembourg,Nancy,252,90,108,In Transit,General,V006,2026-03-30 07:47:00,49.67774,5.80589,On Route,209
S090,C008,R010,V006,D004,2026-03-30 14:00:00,2026-03-30 14:31:00,2026-03-30 18:00:00,,Luxembourg,Nancy,147,84,240,In Transit,General,V002,2026-03-30 07:58:00,49.84661,5.68678,On Route,74
S091,C015,R001,V010,D006,2026-03-30 15:00:00,2026-03-30 15:02:00,2026-03-30 19:00:00,,Luxembourg,Nancy,117,43,402,In Transit,Chemicals,V009,2026-03-30 07:33:00,49.64782,6.16487,Stopped,162
S092,C018,R006,V009,D009,2026-03-30 11:00:00,2026-03-30 11:11:00,2026-03-30 15:00:00,2026-03-30 15:06:00,Luxembourg,Liege,134,85,593,Delivered,Chemicals,V004,2026-03-30 07:38:00,49.6799,5.92967,Stopped,207
S093,C003,R003,V004,D007,2026-03-30 10:00:00,2026-03-30 10:07:00,2026-03-30 14:00:00,,Luxembourg,Reims,237,43,504,In Transit,General,V009,2026-03-30 07:51:00,49.73325,6.24657,Stopped,230
S094,C012,R005,V010,D007,2026-03-30 09:00:00,2026-03-30 09:34:00,2026-03-30 13:00:00,2026-03-30 13:48:00,Luxembourg,Nancy,240,47,339,Delivered,Food,V005,2026-03-30 07:41:00,49.88145,5.74136,Stopped,151
S095,C020,R004,V002,D008,2026-03-30 05:00:00,2026-03-30 05:39:00,2026-03-30 09:00:00,,Luxembourg,Nancy,204,124,219,In Transit,Pharma,V001,2026-03-30 07:38:00,49.56588,6.05273,On Route,184
S096,C016,R002,V002,D004,2026-03-30 05:00:00,2026-03-30 05:02:00,2026-03-30 09:00:00,,Luxembourg,Reims,119,119,564,In Transit,Chemicals,V010,2026-03-30 07:33:00,49.55954,5.95535,Stopped,220
S097,C019,R003,V007,D002,2026-03-30 15:00:00,2026-03-30 15:34:00,2026-03-30 19:00:00,,Luxembourg,Metz,365,124,386,In Transit,General,V007,2026-03-30 07:43:00,49.83062,5.76274,On Route,206
S098,C015,R004,V006,D002,2026-03-30 10:00:00,2026-03-30 10:13:00,2026-03-30 14:00:00,,Luxembourg,Nancy,238,111,162,In Transit,Food,V010,2026-03-30 07:51:00,49.84555,5.75966,On Route,105
S099,C003,R004,V010,D001,2026-03-30 09:00:00,2026-03-30 09:12:00,2026-03-30 13:00:00,2026-03-30 13:48:00,Luxembourg,Brussels,220,82,228,Delivered,Pharma,V002,2026-03-30 07:50:00,49.76785,5.96091,Stopped,186
S100,C008,R006,V003,D010,2026-03-30 06:00:00,2026-03-30 06:35:00,2026-03-30 10:00:00,2026-03-30 10:17:00,Luxembourg,Brussels,191,57,233,Delivered,Chemicals,V004,2026-03-30 07:42:00,49.85569,6.34317,Stopped,140
S101,C001,R006,V004,D010,2026-03-30 07:00:00,2026-03-30 07:07:00,2026-03-30 11:00:00,2026-03-30 11:06:00,Luxembourg,Liege,58,64,371,Delivered,General,V002,2026-03-30 07:41:00,49.64789,6.08351,On Route,136
S102,C016,R008,V006,D009,2026-03-30 07:00:00,2026-03-30 07:26:00,2026-03-30 11:00:00,2026-03-30 10:58:00,Luxembourg,Reims,105,135,615,Delivered,Pharma,V005,2026-03-30 07:52:00,49.73651,6.08764,Delayed,119
S103,C015,R001,V001,D008,2026-03-30 14:00:00,2026-03-30 14:02:00,2026-03-30 18:00:00,,Luxembourg,Metz,268,47,602,In Transit,Food,V007,2026-03-30 07:33:00,49.66401,5.93717,Delayed,204
S104,C020,R003,V002,D003,2026-03-30 06:00:00,2026-03-30 06:05:00,2026-03-30 10:00:00,,Luxembourg,Liege,369,103,490,In Transit,Chemicals,V008,2026-03-30 07:41:00,49.58099,6.42376,On Route,181
S105,C004,R002,V009,D004,2026-03-30 12:00:00,2026-03-30 12:32:00,2026-03-30 16:00:00,,Luxembourg,Metz,281,78,523,In Transit,Chemicals,V004,2026-03-30 07:41:00,49.63017,5.96088,Delayed,99
S106,C004,R006,V007,D006,2026-03-30 12:00:00,2026-03-30 12:25:00,2026-03-30 16:00:00,,Luxembourg,Nancy,180,115,256,In Transit,Food,V002,2026-03-30 07:35:00,49.88946,6.43684,On Route,98
S107,C014,R002,V006,D003,2026-03-30 06:00:00,2026-03-30 06:05:00,2026-03-30 10:00:00,2026-03-30 10:01:00,Luxembourg,Reims,80,104,225,Delivered,Food,V004,2026-03-30 07:44:00,49.5314,5.57248,Delayed,79
S108,C020,R005,V006,D002,2026-03-30 10:00:00,2026-03-30 10:27:00,2026-03-30 14:00:00,2026-03-30 14:26:00,Luxembourg,Reims,309,74,258,Delivered,Food,V009,2026-03-30 07:31:00,49.59207,5.81508,Stopped,99
S109,C018,R006,V002,D005,2026-03-30 08:00:00,2026-03-30 08:06:00,2026-03-30 12:00:00,,Luxembourg,Reims,165,129,674,In Transit,General,V010,2026-03-30 07:39:00,49.86367,5.54608,Delayed,99
S110,C009,R005,V006,D006,2026-03-30 14:00:00,2026-03-30 14:17:00,2026-03-30 18:00:00,2026-03-30 18:13:00,Luxembourg,Brussels,142,56,679,Delivered,Food,V006,2026-03-30 07:25:00,49.78494,6.45537,Delayed,169
S111,C017,R004,V007,D007,2026-03-30 06:00:00,2026-03-30 06:09:00,2026-03-30 10:00:00,2026-03-30 10:01:00,Luxembourg,Metz,224,60,478,Delivered,Chemicals,V005,2026-03-30 07:45:00,49.8999,5.61674,Stopped,96
S112,C005,R003,V010,D001,2026-03-30 10:00:00,2026-03-30 10:36:00,2026-03-30 14:00:00,2026-03-30 13:56:00,Luxembourg,Nancy,91,89,553,Delivered,Food,V007,2026-03-30 07:42:00,49.59008,5.87626,On Route,186
S113,C014,R005,V004,D009,2026-03-30 12:00:00,2026-03-30 12:38:00,2026-03-30 16:00:00,,Luxembourg,Brussels,226,130,213,In Transit,Chemicals,V006,2026-03-30 07:29:00,49.55008,6.2374,On Route,131
S114,C017,R005,V001,D004,2026-03-30 15:00:00,2026-03-30 15:37:00,2026-03-30 19:00:00,,Luxembourg,Metz,356,34,107,In Transit,Pharma,V007,2026-03-30 07:44:00,49.76705,6.1945,Stopped,206
S115,C010,R006,V002,D001,2026-03-30 09:00:00,2026-03-30 09:13:00,2026-03-30 13:00:00,2026-03-30 13:22:00,Luxembourg,Metz,270,64,232,Delivered,Food,V008,2026-03-30 07:22:00,49.75226,5.73815,Stopped,119
S116,C003,R007,V001,D007,2026-03-30 13:00:00,2026-03-30 13:14:00,2026-03-30 17:00:00,,Luxembourg,Brussels,285,39,420,In Transit,Food,V006,2026-03-30 07:41:00,49.60644,5.86591,Delayed,138
S117,C010,R002,V007,D001,2026-03-30 14:00:00,2026-03-30 14:25:00,2026-03-30 18:00:00,,Luxembourg,Liege,137,137,470,In Transit,General,V005,2026-03-30 07:42:00,49.72887,6.35299,On Route,83
S118,C019,R007,V009,D002,2026-03-30 11:00:00,2026-03-30 11:06:00,2026-03-30 15:00:00,2026-03-30 15:45:00,Luxembourg,Metz,208,106,326,Delivered,Chemicals,V003,2026-03-30 07:20:00,49.60093,6.17299,On Route,130
S119,C017,R004,V006,D006,2026-03-30 07:00:00,2026-03-30 07:04:00,2026-03-30 11:00:00,2026-03-30 11:57:00,Luxembourg,Nancy,380,57,341,Delivered,General,V003,2026-03-30 07:37:00,49.8455,6.09582,Stopped,211
S120,C020,R003,V002,D003,2026-03-30 07:00:00,2026-03-30 07:16:00,2026-03-30 11:00:00,2026-03-30 11:12:00,Luxembourg,Nancy,302,138,677,Delivered,Food,V010,2026-03-30 07:45:00,49.74874,6.25523,On Route,152
S121,C011,R003,V008,D002,2026-03-30 15:00:00,2026-03-30 15:36:00,2026-03-30 19:00:00,,Luxembourg,Metz,276,97,381,In Transit,General,V006,2026-03-30 07:41:00,49.7386,6.28457,Stopped,222
S122,C015,R008,V001,D001,2026-03-30 10:00:00,2026-03-30 10:32:00,2026-03-30 14:00:00,2026-03-30 14:29:00,Luxembourg,Liege,196,39,192,Delivered,Food,V005,2026-03-30 07:45:00,49.89087,5.67831,Stopped,210
S123,C019,R004,V006,D010,2026-03-30 12:00:00,2026-03-30 12:37:00,2026-03-30 16:00:00,2026-03-30 16:47:00,Luxembourg,Metz,306,58,163,Delivered,Food,V010,2026-03-30 07:55:00,49.64242,5.60048,Stopped,141
S124,C006,R001,V004,D008,2026-03-30 06:00:00,2026-03-30 06:21:00,2026-03-30 10:00:00,2026-03-30 10:54:00,Luxembourg,Metz,318,60,472,Delivered,Chemicals,V008,2026-03-30 07:53:00,49.54383,5.97331,Stopped,102
S125,C011,R010,V001,D006,2026-03-30 09:00:00,2026-03-30 09:24:00,2026-03-30 13:00:00,,Luxembourg,Brussels,218,44,671,In Transit,Food,V002,2026-03-30 07:33:00,49.79888,6.21623,Delayed,162
S126,C003,R010,V003,D006,2026-03-30 09:00:00,2026-03-30 09:16:00,2026-03-30 13:00:00,2026-03-30 13:32:00,Luxembourg,Liege,385,120,232,Delivered,General,V007,2026-03-30 07:41:00,49.76916,6.12063,Delayed,156
S127,C011,R003,V009,D002,2026-03-30 09:00:00,2026-03-30 09:35:00,2026-03-30 13:00:00,,Luxembourg,Nancy,393,128,620,In Transit,Chemicals,V001,2026-03-30 07:57:00,49.76039,6.18242,On Route,74
S128,C006,R004,V006,D008,2026-03-30 05:00:00,2026-03-30 05:23:00,2026-03-30 09:00:00,,Luxembourg,Paris,165,55,258,In Transit,General,V001,2026-03-30 07:45:00,49.64899,5.62141,On Route,121
S129,C020,R003,V010,D007,2026-03-30 09:00:00,2026-03-30 09:06:00,2026-03-30 13:00:00,2026-03-30 13:33:00,Luxembourg,Paris,133,66,269,Delivered,Food,V008,2026-03-30 07:40:00,49.65847,6.23909,Delayed,199
S130,C008,R008,V010,D005,2026-03-30 05:00:00,2026-03-30 05:26:00,2026-03-30 09:00:00,,Luxembourg,Nancy,279,79,646,In Transit,Pharma,V008,2026-03-30 07:36:00,49.67268,6.19313,Delayed,83
S131,C019,R008,V008,D005,2026-03-30 09:00:00,2026-03-30 09:30:00,2026-03-30 13:00:00,2026-03-30 13:37:00,Luxembourg,Metz,307,127,265,Delivered,Pharma,V003,2026-03-30 07:48:00,49.77143,5.91804,Stopped,208
S132,C002,R008,V006,D009,2026-03-30 14:00:00,2026-03-30 14:08:00,2026-03-30 18:00:00,,Luxembourg,Brussels,314,51,391,In Transit,General,V004,2026-03-30 07:36:00,49.60462,5.56471,On Route,157
S133,C017,R003,V007,D002,2026-03-30 07:00:00,2026-03-30 07:17:00,2026-03-30 11:00:00,,Luxembourg,Paris,280,109,127,In Transit,Food,V003,2026-03-30 07:35:00,49.82219,6.35326,On Route,108
S134,C008,R007,V002,D006,2026-03-30 05:00:00,2026-03-30 05:25:00,2026-03-30 09:00:00,,Luxembourg,Paris,64,101,201,In Transit,Chemicals,V001,2026-03-30 07:50:00,49.60002,5.6237,On Route,164
S135,C016,R003,V008,D008,2026-03-30 07:00:00,2026-03-30 07:08:00,2026-03-30 11:00:00,2026-03-30 11:26:00,Luxembourg,Reims,52,40,119,Delivered,Chemicals,V003,2026-03-30 07:17:00,49.57558,6.37789,Delayed,84
S136,C004,R005,V004,D005,2026-03-30 08:00:00,2026-03-30 08:09:00,2026-03-30 12:00:00,,Luxembourg,Brussels,74,81,529,In Transit,Food,V006,2026-03-30 07:53:00,49.96046,5.73376,On Route,34
S137,C020,R009,V001,D009,2026-03-30 06:00:00,2026-03-30 06:07:00,2026-03-30 10:00:00,,Luxembourg,Reims,173,56,398,In Transit,Food,V002,2026-03-30 07:47:00,49.73368,5.71078,Stopped,180
S138,C008,R010,V007,D003,2026-03-30 05:00:00,2026-03-30 05:39:00,2026-03-30 09:00:00,,Luxembourg,Nancy,392,41,636,In Transit,Chemicals,V008,2026-03-30 07:30:00,49.79496,5.8778,On Route,109
S139,C016,R001,V007,D006,2026-03-30 06:00:00,2026-03-30 06:33:00,2026-03-30 10:00:00,2026-03-30 10:39:00,Luxembourg,Liege,58,111,169,Delivered,Chemicals,V003,2026-03-30 07:57:00,49.74999,6.33503,Delayed,114
S140,C005,R001,V006,D009,2026-03-30 08:00:00,2026-03-30 08:40:00,2026-03-30 12:00:00,2026-03-30 12:32:00,Luxembourg,Liege,379,64,575,Delivered,Food,V003,2026-03-30 07:55:00,49.59785,5.63693,Stopped,179
S141,C015,R001,V005,D004,2026-03-30 15:00:00,2026-03-30 15:11:00,2026-03-30 19:00:00,2026-03-30 18:58:00,Luxembourg,Brussels,152,30,423,Delivered,Chemicals,V004,2026-03-30 07:48:00,49.7121,5.62439,On Route,177
S142,C009,R001,V004,D005,2026-03-30 13:00:00,2026-03-30 13:25:00,2026-03-30 17:00:00,,Luxembourg,Liege,74,104,379,In Transit,General,V004,2026-03-30 07:47:00,49.65891,6.44662,On Route,131
S143,C015,R007,V006,D003,2026-03-30 10:00:00,2026-03-30 10:27:00,2026-03-30 14:00:00,,Luxembourg,Metz,304,114,631,In Transit,Chemicals,V008,2026-03-30 07:47:00,49.78675,6.32685,Delayed,109
S144,C020,R003,V009,D005,2026-03-30 06:00:00,2026-03-30 06:27:00,2026-03-30 10:00:00,2026-03-30 10:45:00,Luxembourg,Liege,102,40,435,Delivered,Chemicals,V009,2026-03-30 07:24:00,49.65685,6.31471,Delayed,114
S145,C006,R008,V006,D008,2026-03-30 09:00:00,2026-03-30 09:28:00,2026-03-30 13:00:00,,Luxembourg,Brussels,230,131,381,In Transit,General,V001,2026-03-30 07:42:00,49.87235,6.23354,Stopped,209
S146,C012,R009,V003,D001,2026-03-30 06:00:00,2026-03-30 06:40:00,2026-03-30 10:00:00,,Luxembourg,Paris,361,132,135,In Transit,Pharma,V002,2026-03-30 07:47:00,49.608,5.8287,On Route,101
S147,C012,R007,V010,D001,2026-03-30 06:00:00,2026-03-30 06:15:00,2026-03-30 10:00:00,,Luxembourg,Reims,128,135,479,In Transit,Chemicals,V010,2026-03-30 07:42:00,49.98636,6.20589,On Route,137
S148,C012,R007,V006,D005,2026-03-30 12:00:00,2026-03-30 12:04:00,2026-03-30 16:00:00,2026-03-30 16:57:00,Luxembourg,Paris,108,26,290,Delivered,Food,V004,2026-03-30 07:45:00,49.67313,6.00962,Stopped,188
S149,C009,R008,V004,D010,2026-03-30 13:00:00,2026-03-30 13:24:00,2026-03-30 17:00:00,2026-03-30 17:23:00,Luxembourg,Liege,301,71,225,Delivered,Pharma,V001,2026-03-30 07:39:00,49.7907,5.65472,Stopped,212
S150,C003,R006,V006,D002,2026-03-30 06:00:00,2026-03-30 06:28:00,2026-03-30 10:00:00,2026-03-30 10:46:00,Luxembourg,Reims,327,94,407,Delivered,Pharma,V006,2026-03-30 08:01:00,49.61528,5.79082,Stopped,85
S151,C017,R004,V002,D004,2026-03-30 15:00:00,2026-03-30 15:11:00,2026-03-30 19:00:00,,Luxembourg,Paris,171,146,126,In Transit,Chemicals,V010,2026-03-30 07:43:00,49.93361,6.3747,On Route,87
S152,C015,R009,V003,D010,2026-03-30 13:00:00,2026-03-30 13:36:00,2026-03-30 17:00:00,,Luxembourg,Brussels,83,99,507,In Transit,Food,V009,2026-03-30 07:39:00,49.61406,6.32865,On Route,79
S153,C019,R002,V003,D006,2026-03-30 13:00:00,2026-03-30 13:26:00,2026-03-30 17:00:00,,Luxembourg,Nancy,87,135,577,In Transit,Chemicals,V005,2026-03-30 07:45:00,49.92084,5.59785,On Route,79
S154,C014,R009,V001,D002,2026-03-30 07:00:00,2026-03-30 07:35:00,2026-03-30 11:00:00,2026-03-30 11:06:00,Luxembourg,Reims,128,97,268,Delivered,Pharma,V006,2026-03-30 07:40:00,49.92931,6.23562,Delayed,88
S155,C017,R005,V002,D005,2026-03-30 10:00:00,2026-03-30 10:14:00,2026-03-30 14:00:00,,Luxembourg,Paris,375,90,228,In Transit,Chemicals,V003,2026-03-30 07:50:00,49.84674,6.29371,On Route,152
S156,C006,R010,V010,D003,2026-03-30 14:00:00,2026-03-30 14:34:00,2026-03-30 18:00:00,2026-03-30 18:54:00,Luxembourg,Paris,387,106,677,Delivered,General,V004,2026-03-30 07:35:00,49.97424,5.80153,On Route,179
S157,C007,R010,V007,D010,2026-03-30 05:00:00,2026-03-30 05:05:00,2026-03-30 09:00:00,2026-03-30 09:23:00,Luxembourg,Nancy,65,147,658,Delivered,Chemicals,V009,2026-03-30 07:28:00,49.7448,5.80252,Delayed,155
S158,C008,R007,V005,D008,2026-03-30 15:00:00,2026-03-30 15:19:00,2026-03-30 19:00:00,,Luxembourg,Brussels,80,60,550,In Transit,Food,V008,2026-03-30 07:53:00,49.55917,6.17739,On Route,97
S159,C020,R003,V006,D006,2026-03-30 12:00:00,2026-03-30 12:29:00,2026-03-30 16:00:00,2026-03-30 16:33:00,Luxembourg,Nancy,226,122,233,Delivered,Chemicals,V010,2026-03-30 07:39:00,49.57595,6.34162,Stopped,95
S160,C008,R008,V002,D005,2026-03-30 13:00:00,2026-03-30 13:35:00,2026-03-30 17:00:00,2026-03-30 17:30:00,Luxembourg,Metz,176,56,199,Delivered,General,V004,2026-03-30 07:40:00,49.84413,6.18639,Stopped,188
S161,C008,R003,V006,D010,2026-03-30 09:00:00,2026-03-30 09:24:00,2026-03-30 13:00:00,,Luxembourg,Nancy,210,68,263,In Transit,Food,V005,2026-03-30 07:36:00,49.67951,6.39324,On Route,102
S162,C010,R008,V001,D002,2026-03-30 13:00:00,2026-03-30 13:29:00,2026-03-30 17:00:00,,Luxembourg,Metz,308,137,346,In Transit,Pharma,V005,2026-03-30 07:25:00,49.85782,5.64319,Stopped,103
S163,C010,R008,V010,D008,2026-03-30 14:00:00,2026-03-30 14:22:00,2026-03-30 18:00:00,2026-03-30 17:56:00,Luxembourg,Liege,324,22,210,Delivered,Food,V008,2026-03-30 07:28:00,49.66963,5.75983,Delayed,165
S164,C013,R006,V001,D007,2026-03-30 07:00:00,2026-03-30 07:16:00,2026-03-30 11:00:00,,Luxembourg,Brussels,341,69,471,In Transit,Chemicals,V009,2026-03-30 07:48:00,49.62927,5.78609,Delayed,95
S165,C018,R005,V010,D010,2026-03-30 06:00:00,2026-03-30 06:24:00,2026-03-30 10:00:00,,Luxembourg,Brussels,115,44,503,In Transit,Chemicals,V005,2026-03-30 07:37:00,49.68584,6.23095,Stopped,102
S166,C005,R004,V010,D009,2026-03-30 10:00:00,2026-03-30 10:35:00,2026-03-30 14:00:00,,Luxembourg,Metz,306,30,146,In Transit,General,V004,2026-03-30 07:26:00,49.92183,6.09383,Delayed,156
S167,C017,R008,V003,D010,2026-03-30 07:00:00,2026-03-30 07:21:00,2026-03-30 11:00:00,,Luxembourg,Reims,121,103,426,In Transit,Pharma,V005,2026-03-30 07:44:00,49.67311,6.26874,On Route,136
S168,C019,R006,V009,D009,2026-03-30 11:00:00,2026-03-30 11:39:00,2026-03-30 15:00:00,,Luxembourg,Reims,300,96,586,In Transit,General,V008,2026-03-30 07:34:00,49.75403,6.21931,Stopped,86
S169,C019,R005,V001,D010,2026-03-30 10:00:00,2026-03-30 10:21:00,2026-03-30 14:00:00,2026-03-30 14:43:00,Luxembourg,Metz,185,78,152,Delivered,Food,V008,2026-03-30 07:43:00,49.86079,6.17094,Stopped,118
S170,C005,R004,V001,D010,2026-03-30 07:00:00,2026-03-30 07:33:00,2026-03-30 11:00:00,,Luxembourg,Nancy,106,68,119,In Transit,Food,V001,2026-03-30 07:37:00,49.65643,5.71074,On Route,126
S171,C007,R007,V009,D010,2026-03-30 10:00:00,2026-03-30 10:26:00,2026-03-30 14:00:00,2026-03-30 14:42:00,Luxembourg,Metz,81,55,631,Delivered,Pharma,V008,2026-03-30 07:42:00,49.53653,6.10374,On Route,184
S172,C017,R007,V006,D003,2026-03-30 13:00:00,2026-03-30 13:20:00,2026-03-30 17:00:00,,Luxembourg,Metz,322,107,659,In Transit,Chemicals,V003,2026-03-30 07:54:00,49.8299,6.03326,On Route,65
S173,C007,R004,V005,D009,2026-03-30 15:00:00,2026-03-30 15:16:00,2026-03-30 19:00:00,,Luxembourg,Liege,165,96,395,In Transit,Pharma,V002,2026-03-30 07:44:00,49.68403,6.29872,On Route,118
S174,C012,R009,V005,D005,2026-03-30 12:00:00,2026-03-30 12:20:00,2026-03-30 16:00:00,,Luxembourg,Brussels,343,117,504,In Transit,Chemicals,V005,2026-03-30 07:36:00,49.6337,6.17904,On Route,189
S175,C003,R006,V008,D005,2026-03-30 07:00:00,2026-03-30 07:18:00,2026-03-30 11:00:00,2026-03-30 11:26:00,Luxembourg,Nancy,295,74,306,Delivered,Chemicals,V002,2026-03-30 07:18:00,49.51393,5.97737,Stopped,112
S176,C020,R010,V004,D004,2026-03-30 13:00:00,2026-03-30 13:17:00,2026-03-30 17:00:00,2026-03-30 17:03:00,Luxembourg,Brussels,392,77,338,Delivered,General,V008,2026-03-30 07:39:00,49.89146,6.342,On Route,68
S177,C016,R002,V003,D001,2026-03-30 06:00:00,2026-03-30 06:26:00,2026-03-30 10:00:00,,Luxembourg,Reims,130,124,587,In Transit,Food,V006,2026-03-30 07:48:00,49.61901,5.73554,On Route,146
S178,C011,R005,V001,D002,2026-03-30 15:00:00,2026-03-30 15:12:00,2026-03-30 19:00:00,,Luxembourg,Nancy,343,79,647,In Transit,General,V010,2026-03-30 07:33:00,49.96393,5.8217,Stopped,116
S179,C013,R008,V003,D005,2026-03-30 07:00:00,2026-03-30 07:26:00,2026-03-30 11:00:00,2026-03-30 10:54:00,Luxembourg,Brussels,54,96,681,Delivered,General,V010,2026-03-30 08:02:00,49.60814,6.02619,Stopped,103
S180,C018,R009,V008,D003,2026-03-30 10:00:00,2026-03-30 10:18:00,2026-03-30 14:00:00,,Luxembourg,Reims,289,89,297,In Transit,General,V009,2026-03-30 07:31:00,49.69966,6.09918,Delayed,157
S181,C009,R003,V001,D006,2026-03-30 10:00:00,2026-03-30 10:10:00,2026-03-30 14:00:00,,Luxembourg,Liege,340,69,279,In Transit,Food,V006,2026-03-30 07:47:00,49.85717,5.93578,Delayed,44
S182,C003,R007,V002,D003,2026-03-30 11:00:00,2026-03-30 11:32:00,2026-03-30 15:00:00,,Luxembourg,Paris,294,102,354,In Transit,General,V001,2026-03-30 08:00:00,49.96365,5.6913,On Route,195
S183,C009,R006,V005,D010,2026-03-30 09:00:00,2026-03-30 09:24:00,2026-03-30 13:00:00,2026-03-30 13:47:00,Luxembourg,Nancy,343,22,367,Delivered,Chemicals,V007,2026-03-30 07:48:00,49.74923,5.6,Delayed,79
S184,C010,R003,V007,D009,2026-03-30 08:00:00,2026-03-30 08:03:00,2026-03-30 12:00:00,2026-03-30 12:49:00,Luxembourg,Nancy,209,50,402,Delivered,Chemicals,V002,2026-03-30 07:40:00,49.67637,6.42547,Stopped,163
S185,C016,R003,V008,D010,2026-03-30 14:00:00,2026-03-30 14:14:00,2026-03-30 18:00:00,2026-03-30 18:07:00,Luxembourg,Liege,262,140,650,Delivered,Pharma,V008,2026-03-30 07:39:00,49.89565,6.30576,On Route,86
S186,C015,R009,V006,D002,2026-03-30 08:00:00,2026-03-30 08:38:00,2026-03-30 12:00:00,2026-03-30 12:57:00,Luxembourg,Reims,107,35,660,Delivered,Pharma,V002,2026-03-30 07:51:00,49.63987,6.37689,Stopped,93
S187,C011,R009,V008,D002,2026-03-30 14:00:00,2026-03-30 14:34:00,2026-03-30 18:00:00,2026-03-30 18:11:00,Luxembourg,Nancy,155,145,193,Delivered,Food,V005,2026-03-30 07:38:00,49.98251,6.12335,On Route,131
S188,C014,R008,V010,D001,2026-03-30 05:00:00,2026-03-30 05:29:00,2026-03-30 09:00:00,2026-03-30 09:55:00,Luxembourg,Reims,286,98,122,Delivered,Food,V007,2026-03-30 07:41:00,49.80765,5.81612,On Route,144
S189,C002,R007,V006,D002,2026-03-30 09:00:00,2026-03-30 09:00:00,2026-03-30 13:00:00,2026-03-30 12:59:00,Luxembourg,Reims,80,37,583,Delivered,General,V006,2026-03-30 07:24:00,49.70216,5.71123,Delayed,145
S190,C014,R006,V007,D008,2026-03-30 09:00:00,2026-03-30 09:26:00,2026-03-30 13:00:00,2026-03-30 13:07:00,Luxembourg,Metz,242,40,652,Delivered,Pharma,V001,2026-03-30 07:30:00,49.97774,5.64832,Delayed,169
S191,C018,R007,V009,D003,2026-03-30 15:00:00,2026-03-30 15:22:00,2026-03-30 19:00:00,2026-03-30 19:12:00,Luxembourg,Nancy,164,20,123,Delivered,Chemicals,V005,2026-03-30 07:32:00,49.77327,6.03864,Stopped,168
S192,C018,R007,V004,D004,2026-03-30 12:00:00,2026-03-30 12:34:00,2026-03-30 16:00:00,,Luxembourg,Metz,227,59,382,In Transit,Pharma,V002,2026-03-30 07:37:00,49.63877,5.84591,On Route,192
S193,C020,R001,V004,D004,2026-03-30 06:00:00,2026-03-30 06:02:00,2026-03-30 10:00:00,,Luxembourg,Brussels,101,28,557,In Transit,General,V006,2026-03-30 07:40:00,49.75299,6.16444,On Route,119
S194,C015,R004,V009,D004,2026-03-30 08:00:00,2026-03-30 08:02:00,2026-03-30 12:00:00,,Luxembourg,Brussels,121,148,396,In Transit,Pharma,V007,2026-03-30 07:43:00,49.99275,5.55927,Stopped,159
S195,C008,R005,V003,D009,2026-03-30 14:00:00,2026-03-30 14:20:00,2026-03-30 18:00:00,,Luxembourg,Paris,261,96,381,In Transit,General,V007,2026-03-30 07:43:00,49.96825,5.84618,Stopped,98
S196,C018,R008,V001,D006,2026-03-30 13:00:00,2026-03-30 13:37:00,2026-03-30 17:00:00,2026-03-30 17:44:00,Luxembourg,Nancy,393,117,637,Delivered,Chemicals,V007,2026-03-30 07:36:00,49.66196,6.2891,On Route,83
S197,C013,R003,V009,D008,2026-03-30 11:00:00,2026-03-30 11:26:00,2026-03-30 15:00:00,2026-03-30 15:28:00,Luxembourg,Paris,165,96,247,Delivered,Food,V001,2026-03-30 07:36:00,49.57964,5.99984,On Route,126
S198,C014,R009,V009,D003,2026-03-30 05:00:00,2026-03-30 05:35:00,2026-03-30 09:00:00,,Luxembourg,Metz,174,85,308,In Transit,Chemicals,V001,2026-03-30 07:36:00,49.71105,6.29799,Stopped,97
S199,C012,R002,V009,D004,2026-03-30 15:00:00,2026-03-30 15:05:00,2026-03-30 19:00:00,,Luxembourg,Brussels,187,116,140,In Transit,General,V009,2026-03-30 07:50:00,49.63307,5.61148,Delayed,119
S200,C007,R006,V005,D001,2026-03-30 08:00:00,2026-03-30 08:37:00,2026-03-30 12:00:00,2026-03-30 12:51:00,Luxembourg,Paris,147,50,590,Delivered,Pharma,V001,2026-03-30 07:25:00,49.95154,5.77159,Stopped,205
S201,C008,R009,V006,D005,2026-03-30 14:00:00,2026-03-30 14:13:00,2026-03-30 18:00:00,,Luxembourg,Metz,288,111,415,In Transit,Chemicals,V003,2026-03-30 07:40:00,49.57639,6.09351,Stopped,189
S202,C015,R002,V008,D006,2026-03-30 10:00:00,2026-03-30 10:32:00,2026-03-30 14:00:00,,Luxembourg,Paris,239,100,523,In Transit,General,V007,2026-03-30 07:41:00,49.53824,5.67606,Delayed,184
S203,C009,R009,V010,D010,2026-03-30 14:00:00,2026-03-30 14:14:00,2026-03-30 18:00:00,2026-03-30 17:52:00,Luxembourg,Nancy,263,95,256,Delivered,Pharma,V010,2026-03-30 07:41:00,49.89828,5.582,On Route,122
S204,C019,R004,V008,D009,2026-03-30 10:00:00,2026-03-30 10:14:00,2026-03-30 14:00:00,,Luxembourg,Nancy,400,106,363,In Transit,Food,V007,2026-03-30 07:44:00,49.85864,6.36769,On Route,189
S205,C006,R006,V003,D003,2026-03-30 15:00:00,2026-03-30 15:31:00,2026-03-30 19:00:00,,Luxembourg,Nancy,329,145,288,In Transit,General,V007,2026-03-30 07:37:00,49.63054,6.20583,On Route,193
S206,C001,R007,V003,D004,2026-03-30 13:00:00,2026-03-30 13:02:00,2026-03-30 17:00:00,2026-03-30 16:56:00,Luxembourg,Brussels,127,22,323,Delivered,Food,V005,2026-03-30 07:36:00,49.73205,6.39178,Stopped,237
S207,C016,R001,V001,D009,2026-03-30 10:00:00,2026-03-30 10:03:00,2026-03-30 14:00:00,,Luxembourg,Reims,260,23,117,In Transit,Chemicals,V006,2026-03-30 07:32:00,49.7322,6.1949,Delayed,197
S208,C014,R003,V002,D002,2026-03-30 13:00:00,2026-03-30 13:18:00,2026-03-30 17:00:00,2026-03-30 17:54:00,Luxembourg,Reims,126,81,296,Delivered,Chemicals,V004,2026-03-30 08:02:00,49.52263,5.7039,Stopped,141
S209,C003,R006,V007,D008,2026-03-30 10:00:00,2026-03-30 10:17:00,2026-03-30 14:00:00,,Luxembourg,Reims,174,77,407,In Transit,General,V010,2026-03-30 07:39:00,49.7668,6.28706,On Route,229
S210,C013,R007,V009,D008,2026-03-30 15:00:00,2026-03-30 15:02:00,2026-03-30 19:00:00,2026-03-30 19:41:00,Luxembourg,Brussels,376,22,275,Delivered,General,V001,2026-03-30 07:39:00,49.85584,6.1167,Delayed,54
S211,C019,R002,V009,D001,2026-03-30 12:00:00,2026-03-30 12:27:00,2026-03-30 16:00:00,,Luxembourg,Paris,158,141,377,In Transit,General,V002,2026-03-30 07:34:00,49.71927,6.48513,Stopped,156
S212,C011,R001,V004,D010,2026-03-30 06:00:00,2026-03-30 06:17:00,2026-03-30 10:00:00,2026-03-30 10:12:00,Luxembourg,Paris,253,39,406,Delivered,Pharma,V006,2026-03-30 07:31:00,49.96291,5.69806,Delayed,146
S213,C018,R006,V007,D003,2026-03-30 14:00:00,2026-03-30 14:15:00,2026-03-30 18:00:00,,Luxembourg,Nancy,90,148,454,In Transit,General,V004,2026-03-30 08:05:00,49.9017,5.58588,On Route,97
S214,C011,R010,V010,D010,2026-03-30 06:00:00,2026-03-30 06:27:00,2026-03-30 10:00:00,2026-03-30 09:59:00,Luxembourg,Metz,217,27,379,Delivered,Food,V008,2026-03-30 07:28:00,49.7979,6.29234,On Route,96
S215,C018,R007,V007,D003,2026-03-30 12:00:00,2026-03-30 12:14:00,2026-03-30 16:00:00,,Luxembourg,Nancy,349,117,187,In Transit,Chemicals,V009,2026-03-30 07:30:00,49.6016,6.39275,On Route,204
S216,C005,R007,V003,D007,2026-03-30 08:00:00,2026-03-30 08:04:00,2026-03-30 12:00:00,2026-03-30 12:24:00,Luxembourg,Liege,234,47,193,Delivered,General,V009,2026-03-30 07:44:00,49.77001,6.26338,Delayed,129
S217,C009,R002,V003,D002,2026-03-30 09:00:00,2026-03-30 09:28:00,2026-03-30 13:00:00,,Luxembourg,Paris,270,134,670,In Transit,Food,V003,2026-03-30 07:42:00,49.96039,6.44678,Stopped,124
S218,C018,R002,V010,D010,2026-03-30 06:00:00,2026-03-30 06:01:00,2026-03-30 10:00:00,2026-03-30 10:35:00,Luxembourg,Liege,247,23,398,Delivered,Food,V004,2026-03-30 07:19:00,49.69841,5.60046,On Route,95
S219,C006,R007,V003,D003,2026-03-30 11:00:00,2026-03-30 11:05:00,2026-03-30 15:00:00,2026-03-30 15:56:00,Luxembourg,Liege,204,88,604,Delivered,Pharma,V005,2026-03-30 07:37:00,49.60262,5.86968,Stopped,129
S220,C009,R007,V005,D008,2026-03-30 06:00:00,2026-03-30 06:10:00,2026-03-30 10:00:00,,Luxembourg,Brussels,234,84,352,In Transit,Food,V006,2026-03-30 08:07:00,49.61664,5.7294,Delayed,128
S221,C004,R003,V005,D001,2026-03-30 14:00:00,2026-03-30 14:39:00,2026-03-30 18:00:00,2026-03-30 18:48:00,Luxembourg,Metz,220,117,437,Delivered,Food,V005,2026-03-30 07:34:00,49.92198,5.74762,On Route,67
S222,C011,R010,V004,D008,2026-03-30 10:00:00,2026-03-30 10:27:00,2026-03-30 14:00:00,2026-03-30 14:28:00,Luxembourg,Liege,140,121,426,Delivered,Chemicals,V007,2026-03-30 07:45:00,49.93596,5.98881,On Route,115
S223,C013,R005,V007,D006,2026-03-30 15:00:00,2026-03-30 15:31:00,2026-03-30 19:00:00,2026-03-30 19:31:00,Luxembourg,Brussels,338,71,658,Delivered,Pharma,V008,2026-03-30 07:36:00,49.93602,5.63262,On Route,125
S224,C007,R008,V005,D002,2026-03-30 15:00:00,2026-03-30 15:35:00,2026-03-30 19:00:00,2026-03-30 19:49:00,Luxembourg,Metz,394,147,242,Delivered,Chemicals,V006,2026-03-30 07:45:00,49.59957,5.71793,On Route,76
S225,C013,R002,V008,D010,2026-03-30 08:00:00,2026-03-30 08:16:00,2026-03-30 12:00:00,2026-03-30 12:44:00,Luxembourg,Metz,348,122,647,Delivered,Food,V007,2026-03-30 07:39:00,49.67492,6.34971,Delayed,131
S226,C018,R010,V002,D002,2026-03-30 13:00:00,2026-03-30 13:02:00,2026-03-30 17:00:00,,Luxembourg,Paris,386,110,270,In Transit,General,V004,2026-03-30 07:43:00,49.52503,5.96205,Stopped,85
S227,C014,R002,V001,D002,2026-03-30 14:00:00,2026-03-30 14:25:00,2026-03-30 18:00:00,,Luxembourg,Liege,163,150,631,In Transit,Pharma,V002,2026-03-30 07:27:00,49.50988,5.57654,Delayed,167
S228,C015,R010,V009,D003,2026-03-30 12:00:00,2026-03-30 12:23:00,2026-03-30 16:00:00,,Luxembourg,Liege,62,143,207,In Transit,Chemicals,V002,2026-03-30 07:23:00,49.6217,5.82659,Stopped,120
S229,C012,R005,V006,D008,2026-03-30 11:00:00,2026-03-30 11:05:00,2026-03-30 15:00:00,2026-03-30 15:08:00,Luxembourg,Paris,316,143,456,Delivered,Food,V003,2026-03-30 07:39:00,49.70636,5.59462,Delayed,173
S230,C011,R002,V005,D001,2026-03-30 06:00:00,2026-03-30 06:28:00,2026-03-30 10:00:00,,Luxembourg,Nancy,108,25,451,In Transit,General,V004,2026-03-30 07:33:00,49.91492,6.16561,Delayed,95
S231,C006,R009,V003,D006,2026-03-30 15:00:00,2026-03-30 15:10:00,2026-03-30 19:00:00,2026-03-30 19:56:00,Luxembourg,Reims,268,138,337,Delivered,Food,V004,2026-03-30 07:42:00,49.72283,5.58407,On Route,107
S232,C013,R001,V010,D004,2026-03-30 15:00:00,2026-03-30 15:11:00,2026-03-30 19:00:00,2026-03-30 19:45:00,Luxembourg,Metz,353,129,498,Delivered,General,V002,2026-03-30 07:44:00,49.9524,6.38192,Delayed,178
S233,C003,R010,V002,D009,2026-03-30 08:00:00,2026-03-30 08:13:00,2026-03-30 12:00:00,,Luxembourg,Paris,237,103,301,In Transit,Food,V001,2026-03-30 07:51:00,49.54953,5.67468,Delayed,176
S234,C017,R006,V010,D007,2026-03-30 06:00:00,2026-03-30 06:16:00,2026-03-30 10:00:00,,Luxembourg,Reims,250,49,456,In Transit,Chemicals,V003,2026-03-30 07:39:00,49.68897,6.33802,Stopped,169
S235,C020,R010,V002,D003,2026-03-30 12:00:00,2026-03-30 12:39:00,2026-03-30 16:00:00,2026-03-30 16:28:00,Luxembourg,Liege,110,81,412,Delivered,General,V001,2026-03-30 07:40:00,49.589,6.10404,Stopped,128
S236,C013,R007,V010,D003,2026-03-30 07:00:00,2026-03-30 07:23:00,2026-03-30 11:00:00,2026-03-30 11:55:00,Luxembourg,Reims,246,128,290,Delivered,Food,V003,2026-03-30 07:40:00,49.87135,6.16773,Stopped,185
S237,C016,R005,V003,D003,2026-03-30 15:00:00,2026-03-30 15:34:00,2026-03-30 19:00:00,2026-03-30 19:11:00,Luxembourg,Liege,280,33,467,Delivered,General,V009,2026-03-30 07:50:00,49.5665,6.17109,Delayed,171
S238,C018,R009,V008,D007,2026-03-30 12:00:00,2026-03-30 12:08:00,2026-03-30 16:00:00,2026-03-30 16:39:00,Luxembourg,Nancy,301,126,554,Delivered,Food,V005,2026-03-30 07:37:00,49.54531,6.29966,Delayed,34
S239,C010,R001,V005,D004,2026-03-30 07:00:00,2026-03-30 07:05:00,2026-03-30 11:00:00,2026-03-30 11:18:00,Luxembourg,Reims,197,63,568,Delivered,Food,V008,2026-03-30 07:41:00,49.69601,5.84582,On Route,174
S240,C009,R009,V006,D009,2026-03-30 13:00:00,2026-03-30 13:32:00,2026-03-30 17:00:00,2026-03-30 17:04:00,Luxembourg,Brussels,275,75,535,Delivered,General,V001,2026-03-30 07:31:00,49.6328,5.60681,Delayed,74
S241,C002,R008,V005,D006,2026-03-30 15:00:00,2026-03-30 15:15:00,2026-03-30 19:00:00,,Luxembourg,Brussels,274,50,342,In Transit,Pharma,V004,2026-03-30 07:34:00,49.66836,6.37576,Delayed,64
S242,C006,R010,V003,D004,2026-03-30 14:00:00,2026-03-30 14:22:00,2026-03-30 18:00:00,,Luxembourg,Paris,80,109,645,In Transit,Chemicals,V006,2026-03-30 07:38:00,49.93828,6.16792,Stopped,93
S243,C010,R005,V010,D005,2026-03-30 14:00:00,2026-03-30 14:34:00,2026-03-30 18:00:00,2026-03-30 18:31:00,Luxembourg,Reims,397,44,238,Delivered,Food,V005,2026-03-30 07:44:00,49.903,6.06949,Delayed,195
S244,C008,R003,V006,D004,2026-03-30 05:00:00,2026-03-30 05:17:00,2026-03-30 09:00:00,2026-03-30 09:06:00,Luxembourg,Nancy,251,145,245,Delivered,Chemicals,V001,2026-03-30 07:38:00,49.75212,5.9687,On Route,215
S245,C015,R002,V002,D007,2026-03-30 15:00:00,2026-03-30 15:26:00,2026-03-30 19:00:00,,Luxembourg,Reims,192,114,565,In Transit,Food,V008,2026-03-30 07:48:00,49.56025,5.61911,On Route,158
S246,C015,R006,V002,D009,2026-03-30 10:00:00,2026-03-30 10:37:00,2026-03-30 14:00:00,2026-03-30 14:01:00,Luxembourg,Metz,161,129,316,Delivered,Food,V009,2026-03-30 07:38:00,49.97379,6.1127,Delayed,101
S247,C011,R009,V010,D003,2026-03-30 09:00:00,2026-03-30 09:20:00,2026-03-30 13:00:00,,Luxembourg,Reims,298,107,149,In Transit,General,V002,2026-03-30 07:31:00,49.58168,5.93554,Delayed,93
S248,C001,R002,V003,D008,2026-03-30 06:00:00,2026-03-30 06:40:00,2026-03-30 10:00:00,,Luxembourg,Metz,50,129,307,In Transit,Pharma,V008,2026-03-30 07:26:00,49.85176,6.20951,Delayed,197
S249,C003,R006,V005,D002,2026-03-30 15:00:00,2026-03-30 15:19:00,2026-03-30 19:00:00,2026-03-30 19:25:00,Luxembourg,Liege,390,62,153,Delivered,Food,V005,2026-03-30 07:45:00,49.94384,5.73519,Delayed,135
S250,C003,R002,V001,D004,2026-03-30 15:00:00,2026-03-30 15:19:00,2026-03-30 19:00:00,2026-03-30 19:44:00,Luxembourg,Metz,89,53,331,Delivered,Food,V001,2026-03-30 07:44:00,49.72575,6.40272,On Route,204
S251,C004,R007,V003,D008,2026-03-30 05:00:00,2026-03-30 05:00:00,2026-03-30 09:00:00,,Luxembourg,Brussels,167,118,191,In Transit,General,V007,2026-03-30 07:41:00,49.78005,6.00272,Stopped,115
S252,C010,R003,V007,D003,2026-03-30 06:00:00,2026-03-30 06:20:00,2026-03-30 10:00:00,,Luxembourg,Nancy,396,56,170,In Transit,General,V008,2026-03-30 07:41:00,49.68964,6.02706,Delayed,80
S253,C012,R004,V003,D007,2026-03-30 14:00:00,2026-03-30 14:10:00,2026-03-30 18:00:00,,Luxembourg,Reims,276,75,188,In Transit,General,V004,2026-03-30 07:23:00,49.552,6.21631,On Route,154
S254,C012,R007,V006,D003,2026-03-30 07:00:00,2026-03-30 07:07:00,2026-03-30 11:00:00,,Luxembourg,Paris,191,41,354,In Transit,Chemicals,V009,2026-03-30 07:38:00,49.85101,5.91524,Delayed,93
S255,C020,R009,V004,D007,2026-03-30 05:00:00,2026-03-30 05:19:00,2026-03-30 09:00:00,2026-03-30 09:56:00,Luxembourg,Liege,380,33,345,Delivered,Food,V007,2026-03-30 07:31:00,49.85439,5.84323,Delayed,75
S256,C020,R002,V009,D001,2026-03-30 11:00:00,2026-03-30 11:07:00,2026-03-30 15:00:00,2026-03-30 15:53:00,Luxembourg,Liege,212,53,496,Delivered,Food,V002,2026-03-30 07:50:00,49.98498,5.52118,Stopped,118
S257,C003,R001,V010,D002,2026-03-30 10:00:00,2026-03-30 10:34:00,2026-03-30 14:00:00,2026-03-30 14:50:00,Luxembourg,Brussels,184,75,140,Delivered,General,V008,2026-03-30 07:50:00,49.60708,5.53986,On Route,107
S258,C017,R007,V007,D007,2026-03-30 11:00:00,2026-03-30 11:32:00,2026-03-30 15:00:00,,Luxembourg,Brussels,377,59,384,In Transit,General,V006,2026-03-30 07:50:00,49.60914,6.35945,Stopped,182
S259,C018,R006,V007,D010,2026-03-30 09:00:00,2026-03-30 09:05:00,2026-03-30 13:00:00,2026-03-30 13:09:00,Luxembourg,Nancy,382,36,417,Delivered,Food,V003,2026-03-30 07:39:00,49.85855,5.66738,Stopped,151
S260,C014,R002,V008,D010,2026-03-30 08:00:00,2026-03-30 08:03:00,2026-03-30 12:00:00,2026-03-30 12:01:00,Luxembourg,Reims,78,99,279,Delivered,General,V010,2026-03-30 07:42:00,49.96255,5.62964,Delayed,49
S261,C016,R006,V009,D009,2026-03-30 05:00:00,2026-03-30 05:08:00,2026-03-30 09:00:00,2026-03-30 09:10:00,Luxembourg,Nancy,182,62,480,Delivered,Pharma,V003,2026-03-30 07:32:00,49.53284,6.30944,On Route,121
S262,C014,R005,V009,D002,2026-03-30 09:00:00,2026-03-30 09:07:00,2026-03-30 13:00:00,2026-03-30 13:32:00,Luxembourg,Liege,345,39,608,Delivered,Food,V008,2026-03-30 07:32:00,49.87092,5.95116,Stopped,159
S263,C019,R003,V006,D003,2026-03-30 13:00:00,2026-03-30 13:23:00,2026-03-30 17:00:00,2026-03-30 17:53:00,Luxembourg,Liege,102,49,333,Delivered,General,V002,2026-03-30 08:01:00,49.61857,6.33015,Delayed,92
S264,C016,R006,V007,D003,2026-03-30 05:00:00,2026-03-30 05:00:00,2026-03-30 09:00:00,2026-03-30 08:55:00,Luxembourg,Paris,68,127,329,Delivered,Chemicals,V010,2026-03-30 07:54:00,49.87329,6.37723,On Route,67
S265,C009,R002,V010,D006,2026-03-30 08:00:00,2026-03-30 08:26:00,2026-03-30 12:00:00,,Luxembourg,Brussels,307,33,283,In Transit,Pharma,V002,2026-03-30 07:44:00,49.79467,6.26389,Delayed,168
S266,C003,R008,V005,D005,2026-03-30 13:00:00,2026-03-30 13:02:00,2026-03-30 17:00:00,,Luxembourg,Liege,94,136,108,In Transit,Chemicals,V001,2026-03-30 07:33:00,49.74459,5.91271,Delayed,120
S267,C020,R004,V008,D006,2026-03-30 08:00:00,2026-03-30 08:18:00,2026-03-30 12:00:00,,Luxembourg,Reims,302,70,659,In Transit,Pharma,V005,2026-03-30 07:47:00,49.83997,6.263,Stopped,128
S268,C001,R004,V009,D006,2026-03-30 07:00:00,2026-03-30 07:00:00,2026-03-30 11:00:00,,Luxembourg,Nancy,54,105,101,In Transit,Food,V001,2026-03-30 07:41:00,49.78389,6.05731,Delayed,103
S269,C008,R007,V008,D001,2026-03-30 09:00:00,2026-03-30 09:06:00,2026-03-30 13:00:00,2026-03-30 13:57:00,Luxembourg,Paris,193,43,144,Delivered,Pharma,V010,2026-03-30 08:09:00,49.67022,6.25236,On Route,140
S270,C015,R002,V010,D002,2026-03-30 13:00:00,2026-03-30 13:26:00,2026-03-30 17:00:00,,Luxembourg,Reims,118,120,176,In Transit,General,V007,2026-03-30 07:26:00,49.77964,6.34912,Stopped,184
S271,C009,R006,V007,D006,2026-03-30 11:00:00,2026-03-30 11:08:00,2026-03-30 15:00:00,2026-03-30 15:27:00,Luxembourg,Liege,281,89,339,Delivered,General,V005,2026-03-30 07:42:00,49.9043,6.30023,Delayed,179
S272,C004,R003,V008,D008,2026-03-30 08:00:00,2026-03-30 08:08:00,2026-03-30 12:00:00,2026-03-30 12:09:00,Luxembourg,Liege,258,50,648,Delivered,Chemicals,V003,2026-03-30 07:43:00,49.79116,5.83688,On Route,99
S273,C015,R005,V002,D002,2026-03-30 08:00:00,2026-03-30 08:28:00,2026-03-30 12:00:00,,Luxembourg,Paris,205,30,320,In Transit,Chemicals,V004,2026-03-30 07:48:00,49.69521,5.98669,On Route,200
S274,C013,R009,V001,D005,2026-03-30 07:00:00,2026-03-30 07:05:00,2026-03-30 11:00:00,2026-03-30 11:35:00,Luxembourg,Liege,139,27,514,Delivered,Food,V002,2026-03-30 08:02:00,49.74559,6.25092,Delayed,111
S275,C015,R002,V003,D002,2026-03-30 13:00:00,2026-03-30 13:35:00,2026-03-30 17:00:00,2026-03-30 17:02:00,Luxembourg,Brussels,81,76,233,Delivered,Pharma,V008,2026-03-30 07:35:00,49.55781,6.21512,On Route,196
S276,C003,R001,V002,D004,2026-03-30 11:00:00,2026-03-30 11:23:00,2026-03-30 15:00:00,2026-03-30 15:23:00,Luxembourg,Nancy,277,52,194,Delivered,Chemicals,V006,2026-03-30 07:42:00,49.58096,5.86555,Delayed,167
S277,C002,R003,V010,D007,2026-03-30 06:00:00,2026-03-30 06:02:00,2026-03-30 10:00:00,,Luxembourg,Nancy,252,147,130,In Transit,Food,V007,2026-03-30 07:46:00,49.83769,6.37133,On Route,192
S278,C007,R003,V005,D005,2026-03-30 15:00:00,2026-03-30 15:27:00,2026-03-30 19:00:00,2026-03-30 19:35:00,Luxembourg,Metz,126,28,351,Delivered,Chemicals,V006,2026-03-30 07:28:00,49.67457,6.15557,Stopped,95
S279,C002,R002,V005,D007,2026-03-30 12:00:00,2026-03-30 12:26:00,2026-03-30 16:00:00,,Luxembourg,Paris,264,71,638,In Transit,Pharma,V008,2026-03-30 08:00:00,49.78266,6.1599,On Route,68
S280,C012,R008,V009,D008,2026-03-30 15:00:00,2026-03-30 15:34:00,2026-03-30 19:00:00,2026-03-30 19:38:00,Luxembourg,Liege,339,148,429,Delivered,Food,V003,2026-03-30 07:39:00,49.75199,5.7627,On Route,109
S281,C020,R004,V001,D005,2026-03-30 09:00:00,2026-03-30 09:11:00,2026-03-30 13:00:00,2026-03-30 13:30:00,Luxembourg,Brussels,291,111,698,Delivered,Pharma,V002,2026-03-30 07:45:00,49.69407,6.41132,On Route,130
S282,C009,R009,V001,D004,2026-03-30 07:00:00,2026-03-30 07:06:00,2026-03-30 11:00:00,2026-03-30 11:20:00,Luxembourg,Reims,248,110,277,Delivered,Pharma,V006,2026-03-30 07:41:00,49.93832,5.79375,On Route,141
S283,C012,R010,V001,D006,2026-03-30 08:00:00,2026-03-30 08:37:00,2026-03-30 12:00:00,,Luxembourg,Reims,338,56,676,In Transit,Pharma,V004,2026-03-30 07:55:00,49.83231,6.20665,On Route,64
S284,C006,R008,V001,D002,2026-03-30 12:00:00,2026-03-30 12:34:00,2026-03-30 16:00:00,,Luxembourg,Brussels,169,76,120,In Transit,Food,V008,2026-03-30 07:53:00,49.57094,5.80439,Stopped,154
S285,C011,R003,V006,D001,2026-03-30 05:00:00,2026-03-30 05:21:00,2026-03-30 09:00:00,2026-03-30 09:06:00,Luxembourg,Brussels,125,56,213,Delivered,Chemicals,V001,2026-03-30 07:35:00,49.88215,5.90118,Delayed,174
S286,C019,R002,V006,D005,2026-03-30 06:00:00,2026-03-30 06:23:00,2026-03-30 10:00:00,,Luxembourg,Liege,119,60,547,In Transit,Food,V010,2026-03-30 07:39:00,49.58558,6.35748,Stopped,141
S287,C008,R010,V003,D007,2026-03-30 15:00:00,2026-03-30 15:20:00,2026-03-30 19:00:00,2026-03-30 19:35:00,Luxembourg,Liege,200,52,281,Delivered,General,V008,2026-03-30 07:53:00,49.90761,6.44473,Stopped,135
S288,C020,R006,V010,D004,2026-03-30 14:00:00,2026-03-30 14:25:00,2026-03-30 18:00:00,2026-03-30 18:13:00,Luxembourg,Nancy,339,46,608,Delivered,Pharma,V010,2026-03-30 07:42:00,49.92626,5.55986,Delayed,201
S289,C011,R003,V002,D006,2026-03-30 10:00:00,2026-03-30 10:04:00,2026-03-30 14:00:00,2026-03-30 14:34:00,Luxembourg,Metz,55,87,314,Delivered,Pharma,V007,2026-03-30 07:45:00,49.63959,5.96571,On Route,128
S290,C004,R001,V001,D007,2026-03-30 06:00:00,2026-03-30 06:22:00,2026-03-30 10:00:00,,Luxembourg,Metz,264,62,523,In Transit,Food,V005,2026-03-30 07:47:00,49.53457,5.72429,Stopped,159
S291,C004,R008,V010,D004,2026-03-30 11:00:00,2026-03-30 11:22:00,2026-03-30 15:00:00,,Luxembourg,Paris,281,38,134,In Transit,Chemicals,V004,2026-03-30 07:45:00,49.85171,6.18159,Delayed,140
S292,C004,R002,V006,D003,2026-03-30 05:00:00,2026-03-30 05:20:00,2026-03-30 09:00:00,,Luxembourg,Metz,132,39,660,In Transit,General,V010,2026-03-30 07:27:00,49.55924,6.25708,Delayed,69
S293,C001,R007,V003,D010,2026-03-30 10:00:00,2026-03-30 10:38:00,2026-03-30 14:00:00,,Luxembourg,Metz,130,33,203,In Transit,Chemicals,V010,2026-03-30 07:47:00,49.54676,6.03129,On Route,88
S294,C018,R009,V005,D005,2026-03-30 08:00:00,2026-03-30 08:12:00,2026-03-30 12:00:00,,Luxembourg,Liege,171,44,150,In Transit,Food,V009,2026-03-30 07:45:00,49.92646,6.26348,Delayed,47
S295,C005,R001,V006,D001,2026-03-30 14:00:00,2026-03-30 14:35:00,2026-03-30 18:00:00,,Luxembourg,Metz,94,95,591,In Transit,Pharma,V007,2026-03-30 07:39:00,49.66813,6.47757,Stopped,111
S296,C010,R002,V008,D002,2026-03-30 06:00:00,2026-03-30 06:01:00,2026-03-30 10:00:00,2026-03-30 10:11:00,Luxembourg,Liege,253,140,600,Delivered,Chemicals,V006,2026-03-30 07:44:00,49.99007,6.4665,Stopped,183
S297,C006,R006,V007,D006,2026-03-30 06:00:00,2026-03-30 06:34:00,2026-03-30 10:00:00,,Luxembourg,Paris,278,31,369,In Transit,Food,V005,2026-03-30 07:30:00,49.77291,5.73826,On Route,95
S298,C019,R001,V003,D002,2026-03-30 12:00:00,2026-03-30 12:16:00,2026-03-30 16:00:00,2026-03-30 16:24:00,Luxembourg,Brussels,392,108,654,Delivered,Food,V007,2026-03-30 07:51:00,49.56454,5.76408,Delayed,121
S299,C017,R007,V009,D008,2026-03-30 14:00:00,2026-03-30 14:14:00,2026-03-30 18:00:00,2026-03-30 18:39:00,Luxembourg,Reims,170,141,406,Delivered,General,V010,2026-03-30 07:29:00,49.68452,6.36103,Delayed,80
S300,C015,R003,V003,D004,2026-03-30 11:00:00,2026-03-30 11:02:00,2026-03-30 15:00:00,2026-03-30 15:05:00,Luxembourg,Paris,114,30,533,Delivered,General,V009,2026-03-30 07:43:00,49.59599,5.69715,Stopped,154
S301,C020,R005,V006,D002,2026-03-30 15:00:00,2026-03-30 15:27:00,2026-03-30 19:00:00,2026-03-30 19:08:00,Luxembourg,Brussels,248,121,665,Delivered,Chemicals,V010,2026-03-30 07:34:00,49.75016,6.09518,On Route,82
S302,C001,R010,V010,D009,2026-03-30 09:00:00,2026-03-30 09:33:00,2026-03-30 13:00:00,,Luxembourg,Metz,107,126,253,In Transit,Pharma,V008,2026-03-30 07:51:00,49.67094,5.72578,Delayed,145
S303,C019,R002,V005,D009,2026-03-30 14:00:00,2026-03-30 14:37:00,2026-03-30 18:00:00,2026-03-30 18:03:00,Luxembourg,Liege,260,87,492,Delivered,Food,V004,2026-03-30 07:42:00,49.87083,5.77421,On Route,140
S304,C002,R003,V005,D007,2026-03-30 14:00:00,2026-03-30 14:38:00,2026-03-30 18:00:00,,Luxembourg,Paris,366,122,139,In Transit,Food,V004,2026-03-30 07:51:00,49.53985,5.89458,Stopped,116
S305,C009,R006,V001,D006,2026-03-30 10:00:00,2026-03-30 10:15:00,2026-03-30 14:00:00,2026-03-30 14:50:00,Luxembourg,Liege,209,91,603,Delivered,General,V001,2026-03-30 07:33:00,49.56824,6.44433,Stopped,199
S306,C015,R006,V005,D007,2026-03-30 08:00:00,2026-03-30 08:08:00,2026-03-30 12:00:00,,Luxembourg,Reims,380,42,292,In Transit,Food,V010,2026-03-30 07:41:00,49.82893,5.6066,Stopped,151
S307,C017,R006,V001,D009,2026-03-30 08:00:00,2026-03-30 08:26:00,2026-03-30 12:00:00,,Luxembourg,Paris,83,99,618,In Transit,Food,V008,2026-03-30 07:39:00,49.55605,5.85266,On Route,164
S308,C007,R004,V001,D004,2026-03-30 07:00:00,2026-03-30 07:33:00,2026-03-30 11:00:00,2026-03-30 11:12:00,Luxembourg,Brussels,283,32,469,Delivered,Pharma,V004,2026-03-30 07:55:00,49.96926,6.22458,On Route,181
S309,C017,R007,V002,D001,2026-03-30 09:00:00,2026-03-30 09:23:00,2026-03-30 13:00:00,,Luxembourg,Paris,240,145,556,In Transit,Pharma,V006,2026-03-30 07:50:00,49.87948,5.96159,Delayed,149
S310,C012,R003,V005,D002,2026-03-30 12:00:00,2026-03-30 12:37:00,2026-03-30 16:00:00,,Luxembourg,Liege,64,118,150,In Transit,Pharma,V003,2026-03-30 07:48:00,49.76076,5.79201,Delayed,148
S311,C007,R005,V007,D009,2026-03-30 14:00:00,2026-03-30 14:13:00,2026-03-30 18:00:00,2026-03-30 18:18:00,Luxembourg,Brussels,399,22,585,Delivered,Pharma,V007,2026-03-30 07:30:00,49.82622,6.02467,Stopped,116
S312,C009,R010,V005,D005,2026-03-30 15:00:00,2026-03-30 15:11:00,2026-03-30 19:00:00,2026-03-30 19:18:00,Luxembourg,Metz,242,109,570,Delivered,Chemicals,V007,2026-03-30 07:29:00,49.63767,6.05449,Delayed,106
S313,C017,R010,V007,D010,2026-03-30 08:00:00,2026-03-30 08:29:00,2026-03-30 12:00:00,,Luxembourg,Brussels,53,150,483,In Transit,Chemicals,V001,2026-03-30 07:26:00,49.61432,5.71682,Delayed,156
S314,C003,R006,V005,D006,2026-03-30 09:00:00,2026-03-30 09:06:00,2026-03-30 13:00:00,,Luxembourg,Liege,183,96,292,In Transit,Pharma,V001,2026-03-30 07:44:00,49.92722,6.40045,Stopped,123
S315,C011,R003,V001,D008,2026-03-30 13:00:00,2026-03-30 13:15:00,2026-03-30 17:00:00,2026-03-30 17:41:00,Luxembourg,Liege,182,127,514,Delivered,Food,V004,2026-03-30 07:48:00,49.84601,6.20343,Stopped,141
S316,C008,R009,V008,D006,2026-03-30 05:00:00,2026-03-30 05:37:00,2026-03-30 09:00:00,2026-03-30 09:33:00,Luxembourg,Reims,203,63,671,Delivered,Pharma,V006,2026-03-30 07:34:00,49.74011,6.32687,Delayed,103
S317,C005,R005,V009,D003,2026-03-30 09:00:00,2026-03-30 09:06:00,2026-03-30 13:00:00,,Luxembourg,Nancy,221,42,327,In Transit,Chemicals,V004,2026-03-30 07:47:00,49.85587,5.83067,Stopped,105
S318,C011,R006,V005,D010,2026-03-30 08:00:00,2026-03-30 08:19:00,2026-03-30 12:00:00,,Luxembourg,Liege,287,50,581,In Transit,General,V001,2026-03-30 07:53:00,49.69586,6.43737,On Route,129
S319,C007,R009,V002,D007,2026-03-30 15:00:00,2026-03-30 15:37:00,2026-03-30 19:00:00,2026-03-30 19:50:00,Luxembourg,Reims,202,125,155,Delivered,Pharma,V002,2026-03-30 07:37:00,49.82739,6.44198,On Route,124
S320,C014,R010,V008,D003,2026-03-30 07:00:00,2026-03-30 07:12:00,2026-03-30 11:00:00,,Luxembourg,Liege,142,40,599,In Transit,Chemicals,V007,2026-03-30 07:51:00,49.7825,5.72885,Delayed,58
S321,C002,R001,V008,D005,2026-03-30 15:00:00,2026-03-30 15:11:00,2026-03-30 19:00:00,,Luxembourg,Paris,136,60,601,In Transit,General,V009,2026-03-30 07:53:00,49.824,6.00778,On Route,113
S322,C014,R007,V007,D008,2026-03-30 07:00:00,2026-03-30 07:39:00,2026-03-30 11:00:00,,Luxembourg,Metz,52,29,646,In Transit,Pharma,V002,2026-03-30 07:58:00,49.7959,6.21522,Stopped,98
S323,C017,R004,V001,D001,2026-03-30 10:00:00,2026-03-30 10:00:00,2026-03-30 14:00:00,,Luxembourg,Nancy,177,77,452,In Transit,Chemicals,V004,2026-03-30 07:49:00,49.8522,6.37855,Delayed,125
S324,C017,R010,V005,D003,2026-03-30 07:00:00,2026-03-30 07:06:00,2026-03-30 11:00:00,,Luxembourg,Brussels,73,96,397,In Transit,Food,V010,2026-03-30 07:26:00,49.7287,5.78924,On Route,180
S325,C014,R003,V006,D008,2026-03-30 13:00:00,2026-03-30 13:38:00,2026-03-30 17:00:00,,Luxembourg,Liege,146,62,513,In Transit,General,V009,2026-03-30 07:29:00,49.78445,6.43492,On Route,128
S326,C001,R010,V009,D003,2026-03-30 08:00:00,2026-03-30 08:14:00,2026-03-30 12:00:00,2026-03-30 12:17:00,Luxembourg,Brussels,237,29,484,Delivered,Chemicals,V010,2026-03-30 07:42:00,49.59976,5.66748,Stopped,178
S327,C004,R001,V001,D002,2026-03-30 13:00:00,2026-03-30 13:39:00,2026-03-30 17:00:00,2026-03-30 16:56:00,Luxembourg,Metz,277,117,226,Delivered,Chemicals,V007,2026-03-30 07:29:00,49.66178,6.28294,On Route,109
S328,C010,R007,V002,D009,2026-03-30 12:00:00,2026-03-30 12:09:00,2026-03-30 16:00:00,2026-03-30 15:51:00,Luxembourg,Liege,368,55,528,Delivered,General,V001,2026-03-30 07:37:00,49.66293,5.69388,Delayed,218
S329,C004,R002,V008,D004,2026-03-30 13:00:00,2026-03-30 13:39:00,2026-03-30 17:00:00,2026-03-30 17:26:00,Luxembourg,Reims,152,87,635,Delivered,Pharma,V009,2026-03-30 07:34:00,49.89882,5.62269,Stopped,170
S330,C006,R001,V009,D008,2026-03-30 10:00:00,2026-03-30 10:26:00,2026-03-30 14:00:00,,Luxembourg,Paris,296,104,340,In Transit,General,V008,2026-03-30 07:27:00,49.95279,6.35115,Stopped,107
S331,C005,R002,V009,D002,2026-03-30 05:00:00,2026-03-30 05:05:00,2026-03-30 09:00:00,2026-03-30 09:53:00,Luxembourg,Nancy,101,85,336,Delivered,Food,V008,2026-03-30 07:32:00,49.82914,6.1514,Stopped,100
S332,C002,R002,V003,D001,2026-03-30 09:00:00,2026-03-30 09:16:00,2026-03-30 13:00:00,,Luxembourg,Liege,234,100,536,In Transit,General,V006,2026-03-30 07:44:00,49.79002,6.15458,On Route,145
S333,C006,R006,V006,D008,2026-03-30 06:00:00,2026-03-30 06:02:00,2026-03-30 10:00:00,2026-03-30 10:07:00,Luxembourg,Reims,187,43,481,Delivered,Chemicals,V007,2026-03-30 07:45:00,49.76517,5.5419,Stopped,135
S334,C013,R008,V005,D007,2026-03-30 07:00:00,2026-03-30 07:07:00,2026-03-30 11:00:00,,Luxembourg,Nancy,294,127,270,In Transit,General,V002,2026-03-30 07:45:00,49.547,6.08426,Stopped,107
S335,C014,R010,V008,D010,2026-03-30 07:00:00,2026-03-30 07:03:00,2026-03-30 11:00:00,2026-03-30 11:03:00,Luxembourg,Nancy,274,66,488,Delivered,Chemicals,V003,2026-03-30 07:35:00,49.55672,5.89393,On Route,104
S336,C016,R002,V007,D008,2026-03-30 14:00:00,2026-03-30 14:01:00,2026-03-30 18:00:00,2026-03-30 18:51:00,Luxembourg,Brussels,82,86,421,Delivered,General,V008,2026-03-30 07:49:00,49.91433,5.82318,Stopped,203
S337,C017,R009,V010,D002,2026-03-30 15:00:00,2026-03-30 15:33:00,2026-03-30 19:00:00,2026-03-30 19:33:00,Luxembourg,Metz,388,83,593,Delivered,Chemicals,V010,2026-03-30 07:10:00,49.7906,6.4025,Stopped,165
S338,C001,R003,V009,D008,2026-03-30 15:00:00,2026-03-30 15:24:00,2026-03-30 19:00:00,2026-03-30 18:56:00,Luxembourg,Metz,134,39,603,Delivered,Chemicals,V006,2026-03-30 07:21:00,49.8067,6.40221,Delayed,115
S339,C002,R009,V004,D009,2026-03-30 08:00:00,2026-03-30 08:21:00,2026-03-30 12:00:00,,Luxembourg,Nancy,243,123,340,In Transit,General,V007,2026-03-30 07:43:00,49.89416,6.02776,Stopped,70
S340,C003,R008,V008,D006,2026-03-30 12:00:00,2026-03-30 12:28:00,2026-03-30 16:00:00,,Luxembourg,Brussels,304,24,205,In Transit,Food,V006,2026-03-30 07:37:00,49.74328,6.34052,On Route,78
S341,C020,R010,V005,D009,2026-03-30 11:00:00,2026-03-30 11:02:00,2026-03-30 15:00:00,2026-03-30 15:01:00,Luxembourg,Reims,155,136,449,Delivered,Chemicals,V010,2026-03-30 07:32:00,49.78979,5.63528,Stopped,151
S342,C011,R009,V010,D010,2026-03-30 05:00:00,2026-03-30 05:14:00,2026-03-30 09:00:00,,Luxembourg,Metz,386,113,563,In Transit,General,V002,2026-03-30 07:38:00,49.68032,5.70772,Stopped,95
S343,C012,R005,V009,D009,2026-03-30 06:00:00,2026-03-30 06:14:00,2026-03-30 10:00:00,2026-03-30 10:33:00,Luxembourg,Liege,104,31,268,Delivered,Food,V002,2026-03-30 07:43:00,49.95313,5.74427,Delayed,130
S344,C020,R004,V004,D002,2026-03-30 07:00:00,2026-03-30 07:26:00,2026-03-30 11:00:00,2026-03-30 11:22:00,Luxembourg,Metz,160,137,295,Delivered,Chemicals,V007,2026-03-30 07:42:00,49.76341,5.55999,Stopped,185
S345,C015,R008,V010,D009,2026-03-30 06:00:00,2026-03-30 06:26:00,2026-03-30 10:00:00,2026-03-30 10:05:00,Luxembourg,Paris,305,21,643,Delivered,General,V005,2026-03-30 07:36:00,49.8716,5.54554,Delayed,120
S346,C017,R003,V010,D003,2026-03-30 13:00:00,2026-03-30 13:27:00,2026-03-30 17:00:00,,Luxembourg,Nancy,115,46,496,In Transit,Chemicals,V008,2026-03-30 07:38:00,49.85571,6.01422,Stopped,234
S347,C020,R004,V005,D007,2026-03-30 13:00:00,2026-03-30 13:24:00,2026-03-30 17:00:00,,Luxembourg,Liege,200,135,236,In Transit,Pharma,V008,2026-03-30 07:41:00,49.84033,6.07419,On Route,66
S348,C018,R006,V009,D004,2026-03-30 11:00:00,2026-03-30 11:38:00,2026-03-30 15:00:00,,Luxembourg,Paris,157,94,453,In Transit,Pharma,V005,2026-03-30 07:36:00,49.91119,5.96819,Delayed,88
S349,C004,R006,V009,D008,2026-03-30 15:00:00,2026-03-30 15:11:00,2026-03-30 19:00:00,,Luxembourg,Reims,342,126,646,In Transit,Chemicals,V004,2026-03-30 07:23:00,49.70764,5.91814,On Route,229
S350,C013,R003,V001,D001,2026-03-30 11:00:00,2026-03-30 11:00:00,2026-03-30 15:00:00,2026-03-30 14:53:00,Luxembourg,Paris,186,61,393,Delivered,Chemicals,V009,2026-03-30 07:41:00,49.56266,6.25114,On Route,166
S351,C007,R009,V001,D006,2026-03-30 07:00:00,2026-03-30 07:03:00,2026-03-30 11:00:00,,Luxembourg,Metz,102,77,674,In Transit,Food,V010,2026-03-30 08:00:00,49.86936,5.84361,Delayed,166
S352,C002,R007,V007,D007,2026-03-30 08:00:00,2026-03-30 08:32:00,2026-03-30 12:00:00,,Luxembourg,Nancy,210,33,113,In Transit,Chemicals,V006,2026-03-30 07:42:00,49.88798,5.55261,Delayed,181
S353,C008,R006,V010,D009,2026-03-30 08:00:00,2026-03-30 08:39:00,2026-03-30 12:00:00,,Luxembourg,Nancy,358,70,298,In Transit,Chemicals,V003,2026-03-30 07:45:00,49.69034,6.18124,Stopped,141
S354,C006,R009,V002,D007,2026-03-30 12:00:00,2026-03-30 12:11:00,2026-03-30 16:00:00,2026-03-30 16:13:00,Luxembourg,Brussels,269,91,669,Delivered,Chemicals,V008,2026-03-30 07:39:00,49.80844,6.15324,On Route,137
S355,C001,R006,V008,D003,2026-03-30 07:00:00,2026-03-30 07:10:00,2026-03-30 11:00:00,,Luxembourg,Brussels,128,102,152,In Transit,Chemicals,V001,2026-03-30 07:40:00,49.91535,6.38795,Delayed,186
S356,C003,R006,V009,D004,2026-03-30 12:00:00,2026-03-30 12:36:00,2026-03-30 16:00:00,,Luxembourg,Paris,316,37,617,In Transit,Pharma,V001,2026-03-30 07:25:00,49.57497,6.13018,Delayed,160
S357,C003,R006,V004,D004,2026-03-30 11:00:00,2026-03-30 11:34:00,2026-03-30 15:00:00,,Luxembourg,Nancy,219,104,469,In Transit,Chemicals,V001,2026-03-30 08:01:00,49.77302,5.6353,Stopped,77
S358,C018,R001,V002,D006,2026-03-30 08:00:00,2026-03-30 08:39:00,2026-03-30 12:00:00,,Luxembourg,Metz,173,82,140,In Transit,Chemicals,V001,2026-03-30 07:57:00,49.89684,6.45577,Stopped,156
S359,C009,R009,V005,D001,2026-03-30 11:00:00,2026-03-30 11:07:00,2026-03-30 15:00:00,,Luxembourg,Reims,241,150,556,In Transit,Food,V008,2026-03-30 07:42:00,49.54734,6.0467,Stopped,228
S360,C017,R002,V002,D003,2026-03-30 05:00:00,2026-03-30 05:18:00,2026-03-30 09:00:00,2026-03-30 09:31:00,Luxembourg,Reims,323,21,167,Delivered,Pharma,V004,2026-03-30 07:46:00,49.70459,6.16147,Delayed,199
S361,C004,R004,V009,D007,2026-03-30 15:00:00,2026-03-30 15:40:00,2026-03-30 19:00:00,2026-03-30 19:44:00,Luxembourg,Nancy,86,59,124,Delivered,Food,V004,2026-03-30 07:43:00,49.86571,5.91165,Stopped,201
S362,C002,R003,V005,D009,2026-03-30 10:00:00,2026-03-30 10:02:00,2026-03-30 14:00:00,2026-03-30 13:59:00,Luxembourg,Brussels,344,78,364,Delivered,Food,V007,2026-03-30 07:35:00,49.80403,5.59453,On Route,109
S363,C014,R006,V001,D007,2026-03-30 11:00:00,2026-03-30 11:28:00,2026-03-30 15:00:00,,Luxembourg,Nancy,110,21,164,In Transit,General,V003,2026-03-30 07:41:00,49.60738,6.38874,Delayed,77
S364,C010,R010,V002,D005,2026-03-30 06:00:00,2026-03-30 06:22:00,2026-03-30 10:00:00,2026-03-30 10:27:00,Luxembourg,Metz,245,121,131,Delivered,Food,V004,2026-03-30 07:58:00,49.83164,6.3117,Stopped,120
S365,C013,R009,V005,D003,2026-03-30 07:00:00,2026-03-30 07:34:00,2026-03-30 11:00:00,2026-03-30 11:07:00,Luxembourg,Liege,396,115,111,Delivered,Pharma,V010,2026-03-30 07:42:00,49.76285,6.17585,On Route,109
S366,C018,R009,V002,D005,2026-03-30 06:00:00,2026-03-30 06:02:00,2026-03-30 10:00:00,2026-03-30 10:40:00,Luxembourg,Paris,226,74,522,Delivered,Pharma,V010,2026-03-30 08:01:00,49.70718,5.92333,Delayed,222
S367,C007,R002,V003,D010,2026-03-30 07:00:00,2026-03-30 07:11:00,2026-03-30 11:00:00,2026-03-30 11:22:00,Luxembourg,Brussels,331,138,662,Delivered,General,V009,2026-03-30 07:54:00,49.6915,5.92456,Stopped,114
S368,C004,R004,V010,D008,2026-03-30 09:00:00,2026-03-30 09:04:00,2026-03-30 13:00:00,,Luxembourg,Liege,232,52,340,In Transit,General,V010,2026-03-30 07:47:00,49.64617,5.98603,On Route,107
S369,C011,R008,V008,D006,2026-03-30 09:00:00,2026-03-30 09:39:00,2026-03-30 13:00:00,2026-03-30 13:14:00,Luxembourg,Reims,387,98,698,Delivered,Pharma,V003,2026-03-30 07:48:00,49.97781,5.69914,Stopped,136
S370,C011,R007,V003,D001,2026-03-30 14:00:00,2026-03-30 14:36:00,2026-03-30 18:00:00,,Luxembourg,Liege,176,76,546,In Transit,Chemicals,V004,2026-03-30 07:39:00,49.67004,5.59876,On Route,138
S371,C016,R008,V008,D006,2026-03-30 10:00:00,2026-03-30 10:08:00,2026-03-30 14:00:00,,Luxembourg,Liege,299,47,279,In Transit,General,V003,2026-03-30 07:51:00,49.91216,6.43138,On Route,157
S372,C003,R002,V001,D009,2026-03-30 09:00:00,2026-03-30 09:08:00,2026-03-30 13:00:00,2026-03-30 13:23:00,Luxembourg,Nancy,65,123,317,Delivered,General,V004,2026-03-30 07:37:00,49.78117,6.34986,On Route,107
S373,C005,R006,V007,D004,2026-03-30 13:00:00,2026-03-30 13:16:00,2026-03-30 17:00:00,,Luxembourg,Reims,198,54,575,In Transit,General,V004,2026-03-30 07:52:00,49.89507,5.70683,Stopped,117
S374,C020,R003,V009,D003,2026-03-30 11:00:00,2026-03-30 11:23:00,2026-03-30 15:00:00,2026-03-30 15:20:00,Luxembourg,Metz,131,65,679,Delivered,Pharma,V010,2026-03-30 07:39:00,49.94524,5.85546,Stopped,186
S375,C016,R004,V002,D005,2026-03-30 12:00:00,2026-03-30 12:22:00,2026-03-30 16:00:00,2026-03-30 16:18:00,Luxembourg,Liege,169,30,311,Delivered,Chemicals,V006,2026-03-30 07:46:00,49.84882,5.77085,Stopped,98
S376,C002,R001,V006,D002,2026-03-30 11:00:00,2026-03-30 11:30:00,2026-03-30 15:00:00,,Luxembourg,Nancy,316,90,369,In Transit,Pharma,V010,2026-03-30 07:35:00,49.97093,6.4277,Delayed,106
S377,C019,R002,V009,D005,2026-03-30 11:00:00,2026-03-30 11:24:00,2026-03-30 15:00:00,,Luxembourg,Metz,164,123,461,In Transit,Chemicals,V008,2026-03-30 07:45:00,49.53543,6.30667,Delayed,210
S378,C005,R008,V003,D004,2026-03-30 12:00:00,2026-03-30 12:30:00,2026-03-30 16:00:00,2026-03-30 16:54:00,Luxembourg,Brussels,313,91,316,Delivered,Pharma,V002,2026-03-30 07:34:00,49.78724,6.20787,Stopped,150
S379,C020,R002,V004,D007,2026-03-30 07:00:00,2026-03-30 07:10:00,2026-03-30 11:00:00,,Luxembourg,Liege,108,143,590,In Transit,Food,V010,2026-03-30 07:43:00,49.81582,6.43642,On Route,79
S380,C001,R004,V001,D003,2026-03-30 08:00:00,2026-03-30 08:37:00,2026-03-30 12:00:00,2026-03-30 12:42:00,Luxembourg,Reims,353,61,237,Delivered,General,V007,2026-03-30 07:50:00,49.58457,6.10666,On Route,159
S381,C009,R003,V009,D007,2026-03-30 14:00:00,2026-03-30 14:09:00,2026-03-30 18:00:00,2026-03-30 18:11:00,Luxembourg,Reims,338,24,390,Delivered,General,V005,2026-03-30 07:49:00,49.70025,5.71288,Stopped,70
S382,C016,R003,V004,D007,2026-03-30 08:00:00,2026-03-30 08:28:00,2026-03-30 12:00:00,,Luxembourg,Reims,123,66,623,In Transit,Chemicals,V007,2026-03-30 07:30:00,49.73168,5.72643,Delayed,80
S383,C020,R010,V002,D004,2026-03-30 07:00:00,2026-03-30 07:21:00,2026-03-30 11:00:00,,Luxembourg,Metz,247,53,211,In Transit,General,V002,2026-03-30 07:49:00,49.65773,5.58969,Delayed,171
S384,C005,R010,V002,D003,2026-03-30 08:00:00,2026-03-30 08:33:00,2026-03-30 12:00:00,,Luxembourg,Metz,364,29,644,In Transit,General,V010,2026-03-30 07:34:00,49.7528,5.95864,On Route,162
S385,C001,R007,V009,D007,2026-03-30 06:00:00,2026-03-30 06:30:00,2026-03-30 10:00:00,2026-03-30 10:59:00,Luxembourg,Liege,72,129,334,Delivered,Food,V003,2026-03-30 07:43:00,49.58197,5.93056,On Route,61
S386,C005,R005,V008,D004,2026-03-30 11:00:00,2026-03-30 11:22:00,2026-03-30 15:00:00,2026-03-30 15:44:00,Luxembourg,Brussels,195,124,363,Delivered,Pharma,V005,2026-03-30 07:41:00,49.76187,5.93624,Delayed,131
S387,C001,R007,V004,D006,2026-03-30 05:00:00,2026-03-30 05:00:00,2026-03-30 09:00:00,2026-03-30 09:56:00,Luxembourg,Metz,235,47,258,Delivered,Food,V008,2026-03-30 07:53:00,49.65968,6.3637,Delayed,143
S388,C009,R009,V007,D010,2026-03-30 15:00:00,2026-03-30 15:37:00,2026-03-30 19:00:00,,Luxembourg,Liege,363,90,506,In Transit,Pharma,V009,2026-03-30 07:50:00,49.97827,6.42225,Delayed,155
S389,C006,R006,V009,D009,2026-03-30 11:00:00,2026-03-30 11:35:00,2026-03-30 15:00:00,,Luxembourg,Metz,179,98,691,In Transit,Chemicals,V006,2026-03-30 07:29:00,49.89335,6.17883,Stopped,160
S390,C015,R003,V002,D004,2026-03-30 11:00:00,2026-03-30 11:08:00,2026-03-30 15:00:00,2026-03-30 15:19:00,Luxembourg,Reims,255,106,663,Delivered,General,V010,2026-03-30 07:39:00,49.60957,5.87149,Stopped,170
S391,C005,R008,V010,D007,2026-03-30 07:00:00,2026-03-30 07:24:00,2026-03-30 11:00:00,2026-03-30 11:01:00,Luxembourg,Brussels,82,87,327,Delivered,Chemicals,V007,2026-03-30 07:51:00,49.67397,5.88647,Delayed,223
S392,C013,R010,V009,D005,2026-03-30 06:00:00,2026-03-30 06:38:00,2026-03-30 10:00:00,2026-03-30 10:39:00,Luxembourg,Nancy,355,34,279,Delivered,Food,V004,2026-03-30 07:32:00,49.64135,5.98877,On Route,74
S393,C010,R004,V001,D010,2026-03-30 12:00:00,2026-03-30 12:00:00,2026-03-30 16:00:00,2026-03-30 16:56:00,Luxembourg,Reims,314,79,273,Delivered,General,V003,2026-03-30 07:25:00,49.59637,6.44951,On Route,152
S394,C003,R005,V007,D006,2026-03-30 10:00:00,2026-03-30 10:15:00,2026-03-30 14:00:00,2026-03-30 14:10:00,Luxembourg,Nancy,252,123,700,Delivered,Pharma,V006,2026-03-30 07:50:00,49.65203,5.8536,Stopped,181
S395,C018,R005,V009,D010,2026-03-30 13:00:00,2026-03-30 13:00:00,2026-03-30 17:00:00,2026-03-30 17:01:00,Luxembourg,Liege,227,90,331,Delivered,Pharma,V008,2026-03-30 07:53:00,49.84626,6.07625,On Route,161
S396,C006,R007,V009,D002,2026-03-30 12:00:00,2026-03-30 12:25:00,2026-03-30 16:00:00,2026-03-30 16:23:00,Luxembourg,Reims,87,148,401,Delivered,Chemicals,V001,2026-03-30 07:41:00,49.53162,6.40932,Stopped,117
S397,C018,R010,V005,D008,2026-03-30 06:00:00,2026-03-30 06:32:00,2026-03-30 10:00:00,,Luxembourg,Metz,338,143,349,In Transit,Chemicals,V009,2026-03-30 07:40:00,49.86174,6.27615,On Route,221
S398,C004,R005,V002,D007,2026-03-30 12:00:00,2026-03-30 12:29:00,2026-03-30 16:00:00,2026-03-30 16:51:00,Luxembourg,Nancy,162,78,423,Delivered,Food,V007,2026-03-30 07:42:00,49.95148,5.68147,Delayed,122
S399,C008,R005,V002,D007,2026-03-30 10:00:00,2026-03-30 10:33:00,2026-03-30 14:00:00,2026-03-30 14:23:00,Luxembourg,Nancy,225,39,667,Delivered,Pharma,V002,2026-03-30 07:45:00,49.80357,6.20903,Stopped,212
S400,C007,R010,V005,D003,2026-03-30 12:00:00,2026-03-30 12:20:00,2026-03-30 16:00:00,,Luxembourg,Nancy,399,68,610,In Transit,Pharma,V001,2026-03-30 07:55:00,49.88701,6.04489,Stopped,153
S401,C007,R004,V004,D004,2026-03-30 08:00:00,2026-03-30 08:15:00,2026-03-30 12:00:00,,Luxembourg,Reims,232,59,209,In Transit,General,V004,2026-03-30 07:38:00,49.56488,6.40383,Delayed,146
S402,C002,R008,V006,D010,2026-03-30 06:00:00,2026-03-30 06:31:00,2026-03-30 10:00:00,2026-03-30 10:59:00,Luxembourg,Liege,302,90,602,Delivered,Pharma,V010,2026-03-30 07:22:00,49.94461,5.85156,Stopped,163
S403,C008,R010,V003,D001,2026-03-30 13:00:00,2026-03-30 13:17:00,2026-03-30 17:00:00,,Luxembourg,Reims,266,142,653,In Transit,General,V001,2026-03-30 07:21:00,49.57635,6.04195,Stopped,94
S404,C006,R008,V002,D009,2026-03-30 13:00:00,2026-03-30 13:22:00,2026-03-30 17:00:00,,Luxembourg,Metz,211,22,112,In Transit,Pharma,V007,2026-03-30 07:28:00,49.77894,6.16822,Stopped,111
S405,C012,R010,V005,D003,2026-03-30 11:00:00,2026-03-30 11:37:00,2026-03-30 15:00:00,2026-03-30 15:31:00,Luxembourg,Reims,184,80,375,Delivered,Food,V006,2026-03-30 07:37:00,49.73529,6.00322,On Route,97
S406,C006,R008,V007,D004,2026-03-30 14:00:00,2026-03-30 14:21:00,2026-03-30 18:00:00,,Luxembourg,Metz,240,113,510,In Transit,Chemicals,V001,2026-03-30 07:38:00,49.7832,5.80941,Delayed,225
S407,C004,R005,V004,D009,2026-03-30 12:00:00,2026-03-30 12:11:00,2026-03-30 16:00:00,2026-03-30 16:19:00,Luxembourg,Metz,245,70,249,Delivered,Pharma,V003,2026-03-30 07:29:00,49.92588,6.22356,On Route,170
S408,C016,R003,V009,D009,2026-03-30 12:00:00,2026-03-30 12:00:00,2026-03-30 16:00:00,2026-03-30 16:43:00,Luxembourg,Nancy,211,144,407,Delivered,Chemicals,V005,2026-03-30 07:40:00,49.68075,6.42549,Delayed,215
S409,C004,R003,V001,D004,2026-03-30 13:00:00,2026-03-30 13:36:00,2026-03-30 17:00:00,2026-03-30 17:40:00,Luxembourg,Liege,293,44,560,Delivered,Chemicals,V009,2026-03-30 07:41:00,49.66004,6.21247,On Route,99
S410,C018,R009,V005,D006,2026-03-30 09:00:00,2026-03-30 09:23:00,2026-03-30 13:00:00,,Luxembourg,Brussels,260,51,459,In Transit,Pharma,V002,2026-03-30 07:28:00,49.53517,6.20877,Stopped,183
S411,C012,R006,V009,D008,2026-03-30 14:00:00,2026-03-30 14:36:00,2026-03-30 18:00:00,2026-03-30 18:26:00,Luxembourg,Nancy,278,40,490,Delivered,Chemicals,V008,2026-03-30 07:31:00,49.65713,6.0096,Stopped,201
S412,C011,R007,V010,D010,2026-03-30 12:00:00,2026-03-30 12:40:00,2026-03-30 16:00:00,2026-03-30 16:11:00,Luxembourg,Metz,86,40,265,Delivered,Chemicals,V008,2026-03-30 07:38:00,49.84523,5.94378,Delayed,223
S413,C010,R005,V010,D007,2026-03-30 08:00:00,2026-03-30 08:20:00,2026-03-30 12:00:00,,Luxembourg,Liege,277,112,633,In Transit,Food,V005,2026-03-30 07:34:00,49.85908,6.26098,On Route,77
S414,C005,R004,V005,D002,2026-03-30 11:00:00,2026-03-30 11:10:00,2026-03-30 15:00:00,2026-03-30 14:52:00,Luxembourg,Paris,135,121,205,Delivered,General,V010,2026-03-30 07:31:00,49.62446,6.29269,Stopped,214
S415,C013,R009,V002,D002,2026-03-30 06:00:00,2026-03-30 06:30:00,2026-03-30 10:00:00,2026-03-30 09:53:00,Luxembourg,Liege,366,59,186,Delivered,Food,V008,2026-03-30 07:41:00,49.94787,6.33597,Delayed,105
S416,C015,R003,V003,D009,2026-03-30 09:00:00,2026-03-30 09:14:00,2026-03-30 13:00:00,2026-03-30 13:26:00,Luxembourg,Paris,64,28,465,Delivered,Chemicals,V009,2026-03-30 07:45:00,49.83667,5.78174,Stopped,225
S417,C018,R008,V003,D009,2026-03-30 12:00:00,2026-03-30 12:29:00,2026-03-30 16:00:00,,Luxembourg,Paris,352,136,677,In Transit,Food,V006,2026-03-30 07:44:00,49.88875,6.26238,On Route,89
S418,C012,R008,V009,D004,2026-03-30 13:00:00,2026-03-30 13:40:00,2026-03-30 17:00:00,,Luxembourg,Brussels,276,98,474,In Transit,Food,V010,2026-03-30 07:19:00,49.58344,6.24499,On Route,141
S419,C001,R001,V009,D003,2026-03-30 09:00:00,2026-03-30 09:09:00,2026-03-30 13:00:00,,Luxembourg,Liege,196,140,647,In Transit,General,V009,2026-03-30 07:54:00,49.80921,6.19354,Delayed,163
S420,C001,R007,V005,D010,2026-03-30 12:00:00,2026-03-30 12:30:00,2026-03-30 16:00:00,,Luxembourg,Paris,53,115,293,In Transit,Food,V004,2026-03-30 07:26:00,49.61492,5.52806,On Route,82
S421,C008,R003,V007,D007,2026-03-30 13:00:00,2026-03-30 13:27:00,2026-03-30 17:00:00,,Luxembourg,Paris,184,40,532,In Transit,Pharma,V003,2026-03-30 07:39:00,49.77347,5.86435,Delayed,107
S422,C010,R009,V005,D007,2026-03-30 13:00:00,2026-03-30 13:39:00,2026-03-30 17:00:00,,Luxembourg,Paris,85,66,239,In Transit,Chemicals,V010,2026-03-30 07:31:00,49.7716,6.43515,On Route,124
S423,C020,R008,V005,D010,2026-03-30 06:00:00,2026-03-30 06:40:00,2026-03-30 10:00:00,,Luxembourg,Metz,146,102,119,In Transit,Pharma,V003,2026-03-30 07:34:00,49.69533,6.45287,Delayed,96
S424,C004,R005,V005,D003,2026-03-30 05:00:00,2026-03-30 05:34:00,2026-03-30 09:00:00,2026-03-30 09:13:00,Luxembourg,Nancy,274,22,338,Delivered,General,V005,2026-03-30 07:37:00,49.84481,5.76821,On Route,134
S425,C007,R006,V007,D005,2026-03-30 07:00:00,2026-03-30 07:00:00,2026-03-30 11:00:00,,Luxembourg,Metz,240,138,132,In Transit,Chemicals,V001,2026-03-30 07:50:00,49.5463,6.33044,Stopped,45
S426,C013,R002,V009,D008,2026-03-30 06:00:00,2026-03-30 06:09:00,2026-03-30 10:00:00,2026-03-30 10:24:00,Luxembourg,Paris,148,84,490,Delivered,General,V004,2026-03-30 07:30:00,49.59654,5.61987,Delayed,56
S427,C015,R004,V001,D004,2026-03-30 06:00:00,2026-03-30 06:15:00,2026-03-30 10:00:00,,Luxembourg,Metz,98,73,584,In Transit,Food,V004,2026-03-30 07:32:00,49.70542,5.82103,Delayed,140
S428,C006,R001,V009,D009,2026-03-30 15:00:00,2026-03-30 15:19:00,2026-03-30 19:00:00,,Luxembourg,Brussels,179,143,405,In Transit,Pharma,V010,2026-03-30 07:49:00,49.66823,6.05103,Delayed,120
S429,C008,R007,V006,D001,2026-03-30 10:00:00,2026-03-30 10:03:00,2026-03-30 14:00:00,2026-03-30 14:04:00,Luxembourg,Paris,191,50,505,Delivered,Pharma,V010,2026-03-30 07:30:00,49.88028,6.0234,On Route,107
S430,C020,R003,V006,D002,2026-03-30 05:00:00,2026-03-30 05:02:00,2026-03-30 09:00:00,,Luxembourg,Paris,130,147,193,In Transit,Chemicals,V002,2026-03-30 07:29:00,49.5827,5.63026,Delayed,175
S431,C005,R009,V002,D003,2026-03-30 15:00:00,2026-03-30 15:03:00,2026-03-30 19:00:00,2026-03-30 19:35:00,Luxembourg,Metz,169,101,671,Delivered,Chemicals,V007,2026-03-30 07:28:00,49.60788,5.64486,Delayed,196
S432,C012,R003,V005,D001,2026-03-30 12:00:00,2026-03-30 12:12:00,2026-03-30 16:00:00,2026-03-30 16:38:00,Luxembourg,Metz,274,95,655,Delivered,Food,V003,2026-03-30 07:31:00,49.62272,5.66257,On Route,117
S433,C012,R006,V008,D005,2026-03-30 08:00:00,2026-03-30 08:36:00,2026-03-30 12:00:00,2026-03-30 12:59:00,Luxembourg,Reims,333,61,170,Delivered,Pharma,V010,2026-03-30 07:31:00,49.74694,5.73702,On Route,110
S434,C018,R006,V008,D001,2026-03-30 12:00:00,2026-03-30 12:18:00,2026-03-30 16:00:00,,Luxembourg,Nancy,309,117,289,In Transit,General,V008,2026-03-30 07:39:00,49.59046,6.15817,On Route,110
S435,C003,R009,V007,D004,2026-03-30 14:00:00,2026-03-30 14:23:00,2026-03-30 18:00:00,2026-03-30 18:31:00,Luxembourg,Reims,399,147,664,Delivered,Pharma,V001,2026-03-30 07:39:00,49.89395,6.40344,Delayed,234
S436,C014,R006,V002,D002,2026-03-30 14:00:00,2026-03-30 14:18:00,2026-03-30 18:00:00,,Luxembourg,Reims,387,37,144,In Transit,Pharma,V009,2026-03-30 07:36:00,49.91133,6.0305,Delayed,59
S437,C016,R004,V002,D001,2026-03-30 07:00:00,2026-03-30 07:02:00,2026-03-30 11:00:00,2026-03-30 11:03:00,Luxembourg,Reims,378,119,601,Delivered,Chemicals,V003,2026-03-30 07:35:00,49.54322,5.85078,Delayed,126
S438,C001,R004,V008,D002,2026-03-30 05:00:00,2026-03-30 05:23:00,2026-03-30 09:00:00,2026-03-30 08:59:00,Luxembourg,Metz,377,35,469,Delivered,Food,V002,2026-03-30 07:55:00,49.92824,5.59637,Stopped,105
S439,C017,R001,V002,D005,2026-03-30 10:00:00,2026-03-30 10:03:00,2026-03-30 14:00:00,,Luxembourg,Brussels,160,44,203,In Transit,Pharma,V006,2026-03-30 07:29:00,49.88543,6.44726,Stopped,206
S440,C017,R004,V010,D003,2026-03-30 13:00:00,2026-03-30 13:24:00,2026-03-30 17:00:00,2026-03-30 17:14:00,Luxembourg,Reims,335,126,208,Delivered,Chemicals,V002,2026-03-30 07:38:00,49.85147,5.54464,On Route,191
S441,C004,R003,V003,D009,2026-03-30 15:00:00,2026-03-30 15:29:00,2026-03-30 19:00:00,,Luxembourg,Metz,308,106,261,In Transit,Food,V004,2026-03-30 07:41:00,49.94211,6.03952,Delayed,106
S442,C012,R007,V007,D006,2026-03-30 10:00:00,2026-03-30 10:20:00,2026-03-30 14:00:00,,Luxembourg,Reims,173,74,484,In Transit,Chemicals,V001,2026-03-30 07:47:00,49.70084,6.11016,On Route,76
S443,C013,R001,V001,D005,2026-03-30 10:00:00,2026-03-30 10:28:00,2026-03-30 14:00:00,,Luxembourg,Reims,58,54,409,In Transit,General,V005,2026-03-30 07:55:00,49.81247,6.08033,Stopped,179
S444,C001,R005,V009,D009,2026-03-30 09:00:00,2026-03-30 09:14:00,2026-03-30 13:00:00,2026-03-30 13:30:00,Luxembourg,Reims,342,59,196,Delivered,General,V005,2026-03-30 07:21:00,49.91233,5.99927,Delayed,247
S445,C009,R006,V010,D004,2026-03-30 12:00:00,2026-03-30 12:22:00,2026-03-30 16:00:00,2026-03-30 16:07:00,Luxembourg,Paris,181,96,194,Delivered,Food,V010,2026-03-30 07:42:00,49.87087,5.7986,Stopped,167
S446,C016,R003,V008,D010,2026-03-30 14:00:00,2026-03-30 14:13:00,2026-03-30 18:00:00,2026-03-30 18:31:00,Luxembourg,Brussels,354,96,138,Delivered,Food,V001,2026-03-30 07:43:00,49.52261,6.10886,Stopped,98
S447,C012,R007,V007,D002,2026-03-30 06:00:00,2026-03-30 06:03:00,2026-03-30 10:00:00,,Luxembourg,Paris,384,22,491,In Transit,General,V005,2026-03-30 07:30:00,49.74354,5.927,Delayed,113
S448,C018,R010,V003,D006,2026-03-30 09:00:00,2026-03-30 09:33:00,2026-03-30 13:00:00,2026-03-30 13:30:00,Luxembourg,Reims,163,59,151,Delivered,Food,V006,2026-03-30 07:42:00,49.6077,6.11684,Delayed,117
S449,C014,R005,V007,D003,2026-03-30 12:00:00,2026-03-30 12:38:00,2026-03-30 16:00:00,2026-03-30 16:18:00,Luxembourg,Paris,222,41,587,Delivered,General,V004,2026-03-30 07:38:00,49.54055,5.7129,Stopped,122
S450,C003,R007,V009,D007,2026-03-30 13:00:00,2026-03-30 13:25:00,2026-03-30 17:00:00,,Luxembourg,Nancy,116,54,592,In Transit,Pharma,V002,2026-03-30 07:46:00,49.74247,6.33165,Stopped,92
S451,C008,R004,V002,D005,2026-03-30 12:00:00,2026-03-30 12:25:00,2026-03-30 16:00:00,2026-03-30 16:57:00,Luxembourg,Metz,215,42,215,Delivered,Food,V010,2026-03-30 08:01:00,49.7213,6.0001,Delayed,145
S452,C007,R006,V006,D010,2026-03-30 11:00:00,2026-03-30 11:23:00,2026-03-30 15:00:00,,Luxembourg,Nancy,62,98,273,In Transit,Chemicals,V009,2026-03-30 07:51:00,49.68154,6.45074,Stopped,148
S453,C002,R004,V004,D006,2026-03-30 14:00:00,2026-03-30 14:28:00,2026-03-30 18:00:00,2026-03-30 18:46:00,Luxembourg,Paris,93,48,155,Delivered,Pharma,V007,2026-03-30 07:19:00,49.8105,5.6972,On Route,151
S454,C001,R006,V002,D005,2026-03-30 14:00:00,2026-03-30 14:09:00,2026-03-30 18:00:00,,Luxembourg,Metz,291,25,439,In Transit,Pharma,V007,2026-03-30 07:35:00,49.55492,5.87213,Delayed,187
S455,C017,R005,V009,D008,2026-03-30 13:00:00,2026-03-30 13:13:00,2026-03-30 17:00:00,2026-03-30 17:59:00,Luxembourg,Reims,122,24,485,Delivered,General,V010,2026-03-30 07:33:00,49.55872,5.651,Delayed,179
S456,C007,R010,V005,D001,2026-03-30 09:00:00,2026-03-30 09:10:00,2026-03-30 13:00:00,2026-03-30 13:26:00,Luxembourg,Metz,385,22,168,Delivered,Food,V003,2026-03-30 07:50:00,49.73266,5.74818,Delayed,97
S457,C004,R001,V005,D007,2026-03-30 15:00:00,2026-03-30 15:17:00,2026-03-30 19:00:00,,Luxembourg,Paris,244,150,201,In Transit,Chemicals,V007,2026-03-30 07:28:00,49.92267,6.42181,Delayed,142
S458,C007,R009,V008,D009,2026-03-30 12:00:00,2026-03-30 12:38:00,2026-03-30 16:00:00,2026-03-30 16:13:00,Luxembourg,Nancy,61,30,353,Delivered,Chemicals,V005,2026-03-30 07:39:00,49.54792,6.32476,Delayed,77
S459,C006,R001,V006,D006,2026-03-30 10:00:00,2026-03-30 10:31:00,2026-03-30 14:00:00,,Luxembourg,Liege,370,97,341,In Transit,Chemicals,V003,2026-03-30 07:51:00,49.61072,5.60911,Delayed,106
S460,C013,R001,V009,D005,2026-03-30 05:00:00,2026-03-30 05:40:00,2026-03-30 09:00:00,,Luxembourg,Paris,127,107,502,In Transit,Pharma,V006,2026-03-30 07:34:00,49.71436,6.06251,On Route,110
S461,C008,R010,V003,D007,2026-03-30 06:00:00,2026-03-30 06:24:00,2026-03-30 10:00:00,2026-03-30 10:43:00,Luxembourg,Liege,359,104,559,Delivered,Pharma,V001,2026-03-30 07:45:00,49.7256,5.84842,Delayed,80
S462,C010,R009,V003,D007,2026-03-30 08:00:00,2026-03-30 08:08:00,2026-03-30 12:00:00,2026-03-30 12:07:00,Luxembourg,Paris,385,60,425,Delivered,General,V005,2026-03-30 07:55:00,49.87884,5.53988,Stopped,166
S463,C011,R003,V001,D006,2026-03-30 13:00:00,2026-03-30 13:34:00,2026-03-30 17:00:00,2026-03-30 17:13:00,Luxembourg,Metz,260,97,553,Delivered,Chemicals,V010,2026-03-30 07:36:00,49.53893,5.78329,On Route,171
S464,C006,R001,V010,D010,2026-03-30 07:00:00,2026-03-30 07:12:00,2026-03-30 11:00:00,2026-03-30 11:06:00,Luxembourg,Liege,360,79,337,Delivered,Pharma,V004,2026-03-30 07:38:00,49.86908,5.52031,Stopped,194
S465,C003,R008,V003,D009,2026-03-30 15:00:00,2026-03-30 15:01:00,2026-03-30 19:00:00,,Luxembourg,Reims,290,115,288,In Transit,Food,V007,2026-03-30 07:34:00,49.72143,5.72441,Stopped,194
S466,C007,R004,V001,D007,2026-03-30 12:00:00,2026-03-30 12:30:00,2026-03-30 16:00:00,2026-03-30 16:10:00,Luxembourg,Brussels,188,125,327,Delivered,Pharma,V008,2026-03-30 07:43:00,49.54588,5.60675,Delayed,49
S467,C020,R008,V006,D008,2026-03-30 08:00:00,2026-03-30 08:04:00,2026-03-30 12:00:00,2026-03-30 12:46:00,Luxembourg,Paris,268,123,142,Delivered,Food,V003,2026-03-30 07:21:00,49.77558,5.85657,Delayed,98
S468,C004,R008,V008,D001,2026-03-30 10:00:00,2026-03-30 10:25:00,2026-03-30 14:00:00,2026-03-30 14:56:00,Luxembourg,Paris,315,121,140,Delivered,Food,V008,2026-03-30 07:47:00,49.85553,5.96582,Stopped,103
S469,C010,R008,V007,D005,2026-03-30 13:00:00,2026-03-30 13:40:00,2026-03-30 17:00:00,2026-03-30 17:14:00,Luxembourg,Liege,286,62,532,Delivered,Chemicals,V007,2026-03-30 07:55:00,49.72302,5.55141,On Route,119
S470,C015,R002,V009,D002,2026-03-30 14:00:00,2026-03-30 14:03:00,2026-03-30 18:00:00,2026-03-30 18:49:00,Luxembourg,Paris,349,54,502,Delivered,Food,V007,2026-03-30 07:44:00,49.76335,6.41369,Delayed,148
S471,C015,R010,V004,D008,2026-03-30 10:00:00,2026-03-30 10:28:00,2026-03-30 14:00:00,2026-03-30 14:12:00,Luxembourg,Brussels,178,102,267,Delivered,General,V001,2026-03-30 07:24:00,49.98959,5.86674,On Route,84
S472,C012,R002,V009,D007,2026-03-30 06:00:00,2026-03-30 06:07:00,2026-03-30 10:00:00,,Luxembourg,Nancy,311,60,487,In Transit,Food,V001,2026-03-30 08:04:00,49.61128,6.38162,On Route,92
S473,C019,R003,V003,D003,2026-03-30 05:00:00,2026-03-30 05:10:00,2026-03-30 09:00:00,,Luxembourg,Paris,76,127,415,In Transit,Chemicals,V001,2026-03-30 07:41:00,49.73932,6.23642,Stopped,121
S474,C005,R004,V001,D010,2026-03-30 12:00:00,2026-03-30 12:18:00,2026-03-30 16:00:00,2026-03-30 16:05:00,Luxembourg,Liege,56,137,609,Delivered,Food,V005,2026-03-30 07:32:00,49.59819,6.22226,On Route,108
S475,C008,R004,V010,D008,2026-03-30 13:00:00,2026-03-30 13:00:00,2026-03-30 17:00:00,,Luxembourg,Metz,259,133,181,In Transit,General,V004,2026-03-30 07:25:00,49.70371,6.45501,Delayed,134
S476,C020,R009,V004,D001,2026-03-30 08:00:00,2026-03-30 08:35:00,2026-03-30 12:00:00,,Luxembourg,Paris,125,34,457,In Transit,General,V006,2026-03-30 07:46:00,49.52326,5.64894,On Route,160
S477,C011,R002,V001,D002,2026-03-30 07:00:00,2026-03-30 07:02:00,2026-03-30 11:00:00,,Luxembourg,Metz,141,61,391,In Transit,Pharma,V006,2026-03-30 07:43:00,49.86855,5.89028,Delayed,150
S478,C002,R002,V005,D006,2026-03-30 12:00:00,2026-03-30 12:37:00,2026-03-30 16:00:00,,Luxembourg,Liege,244,37,537,In Transit,General,V009,2026-03-30 07:52:00,49.70317,5.68151,Delayed,98
S479,C009,R006,V009,D007,2026-03-30 09:00:00,2026-03-30 09:30:00,2026-03-30 13:00:00,2026-03-30 13:05:00,Luxembourg,Reims,157,73,159,Delivered,General,V006,2026-03-30 07:24:00,49.91381,6.16489,Stopped,101
S480,C020,R005,V007,D010,2026-03-30 14:00:00,2026-03-30 14:40:00,2026-03-30 18:00:00,2026-03-30 18:51:00,Luxembourg,Liege,182,110,232,Delivered,Food,V003,2026-03-30 07:37:00,49.72702,5.62985,Delayed,179
S481,C016,R003,V010,D004,2026-03-30 13:00:00,2026-03-30 13:40:00,2026-03-30 17:00:00,,Luxembourg,Nancy,198,69,101,In Transit,General,V008,2026-03-30 07:40:00,49.95798,6.29941,On Route,78
S482,C020,R007,V007,D001,2026-03-30 05:00:00,2026-03-30 05:29:00,2026-03-30 09:00:00,2026-03-30 09:16:00,Luxembourg,Liege,229,74,111,Delivered,Pharma,V004,2026-03-30 07:38:00,49.58821,6.18853,On Route,224
S483,C010,R009,V009,D006,2026-03-30 09:00:00,2026-03-30 09:16:00,2026-03-30 13:00:00,2026-03-30 13:29:00,Luxembourg,Brussels,108,105,449,Delivered,Food,V002,2026-03-30 07:18:00,49.77325,6.30946,Stopped,122
S484,C007,R006,V006,D008,2026-03-30 14:00:00,2026-03-30 14:39:00,2026-03-30 18:00:00,2026-03-30 18:12:00,Luxembourg,Metz,68,54,593,Delivered,Pharma,V005,2026-03-30 07:46:00,49.8979,5.89565,On Route,54
S485,C015,R007,V001,D009,2026-03-30 15:00:00,2026-03-30 15:29:00,2026-03-30 19:00:00,,Luxembourg,Liege,339,100,668,In Transit,General,V010,2026-03-30 07:29:00,49.97075,5.61367,Delayed,89
S486,C012,R002,V003,D005,2026-03-30 08:00:00,2026-03-30 08:36:00,2026-03-30 12:00:00,,Luxembourg,Brussels,223,116,647,In Transit,Pharma,V004,2026-03-30 07:37:00,49.83347,5.62591,On Route,145
S487,C006,R010,V002,D005,2026-03-30 14:00:00,2026-03-30 14:38:00,2026-03-30 18:00:00,,Luxembourg,Nancy,211,28,378,In Transit,Food,V006,2026-03-30 07:44:00,49.71747,6.02439,Stopped,90
S488,C015,R005,V004,D009,2026-03-30 06:00:00,2026-03-30 06:31:00,2026-03-30 10:00:00,2026-03-30 10:37:00,Luxembourg,Liege,139,48,483,Delivered,General,V003,2026-03-30 07:39:00,49.781,5.72255,On Route,86
S489,C017,R001,V008,D009,2026-03-30 08:00:00,2026-03-30 08:05:00,2026-03-30 12:00:00,,Luxembourg,Paris,147,107,595,In Transit,Chemicals,V010,2026-03-30 07:32:00,49.63921,5.65052,Stopped,94
S490,C005,R004,V001,D008,2026-03-30 10:00:00,2026-03-30 10:09:00,2026-03-30 14:00:00,2026-03-30 14:56:00,Luxembourg,Metz,317,49,104,Delivered,Chemicals,V002,2026-03-30 07:32:00,49.52007,6.40545,Stopped,55
S491,C015,R001,V002,D009,2026-03-30 05:00:00,2026-03-30 05:38:00,2026-03-30 09:00:00,2026-03-30 09:32:00,Luxembourg,Nancy,209,25,691,Delivered,Chemicals,V001,2026-03-30 07:44:00,49.9018,5.78927,Delayed,121
S492,C007,R004,V005,D005,2026-03-30 15:00:00,2026-03-30 15:13:00,2026-03-30 19:00:00,,Luxembourg,Reims,213,132,220,In Transit,Chemicals,V002,2026-03-30 07:41:00,49.69025,5.81992,Stopped,36
S493,C004,R001,V010,D009,2026-03-30 07:00:00,2026-03-30 07:10:00,2026-03-30 11:00:00,,Luxembourg,Reims,102,72,655,In Transit,Chemicals,V009,2026-03-30 07:55:00,49.88077,6.03502,On Route,180
S494,C005,R005,V010,D004,2026-03-30 13:00:00,2026-03-30 13:20:00,2026-03-30 17:00:00,,Luxembourg,Paris,86,99,446,In Transit,Food,V007,2026-03-30 07:54:00,49.93154,5.95947,Stopped,109
S495,C002,R002,V007,D001,2026-03-30 05:00:00,2026-03-30 05:08:00,2026-03-30 09:00:00,2026-03-30 09:50:00,Luxembourg,Brussels,268,120,283,Delivered,Food,V007,2026-03-30 07:46:00,49.67423,5.67313,Stopped,124
S496,C011,R004,V009,D002,2026-03-30 14:00:00,2026-03-30 14:22:00,2026-03-30 18:00:00,,Luxembourg,Metz,340,53,195,In Transit,Food,V010,2026-03-30 07:58:00,49.8389,5.63276,Stopped,189
S497,C015,R008,V004,D004,2026-03-30 06:00:00,2026-03-30 06:29:00,2026-03-30 10:00:00,,Luxembourg,Paris,365,86,472,In Transit,Food,V001,2026-03-30 07:36:00,49.56802,6.17742,Delayed,95
S498,C015,R008,V001,D002,2026-03-30 07:00:00,2026-03-30 07:21:00,2026-03-30 11:00:00,,Luxembourg,Metz,107,109,590,In Transit,Food,V003,2026-03-30 07:59:00,49.80132,5.92602,On Route,207
S499,C020,R010,V003,D009,2026-03-30 07:00:00,2026-03-30 07:18:00,2026-03-30 11:00:00,,Luxembourg,Brussels,257,47,433,In Transit,General,V003,2026-03-30 07:31:00,49.65421,6.12285,Stopped,47
S500,C013,R010,V007,D004,2026-03-30 09:00:00,2026-03-30 09:34:00,2026-03-30 13:00:00,,Luxembourg,Reims,174,60,593,In Transit,Food,V003,2026-03-30 07:41:00,49.58364,6.3885,Delayed,135
